ticker,first_observation,last_observation,years_observed,calendar_year_gaps,observations,current_security_present,canonical_instrument_id,canonical_mapping_status
7UP,2014-06-30,2018-01-11,5,0,1666,True,01a054a7-4be0-7517-a1dd-8d20877b4096,unique_current_alias
ABBEYBANK,2026-06-29,2026-08-07,1,0,45,True,01a054a7-4be1-73ea-9b27-328d553f5b1d,unique_current_alias
ABBEYBDS,2014-07-02,2026-06-26,13,0,2475,True,01a054a7-4be1-7b53-aba7-a55ac4c04a72,unique_current_alias
ABCTRANS,2014-06-30,2026-08-07,13,0,4585,True,01a054a7-4be1-708b-b245-25caa897511a,unique_current_alias
ACADEMY,2014-06-30,2026-08-07,13,0,3963,True,01a054a7-4be1-77a5-b59d-89f58ebc613f,unique_current_alias
ACCESS,2014-06-30,2022-03-23,9,0,3708,True,01a054a7-4be1-7014-b34c-a0d3d694194b,unique_current_alias
ACCESSCORP,2022-03-28,2026-08-07,5,0,2007,True,01a054a7-4be1-7b1e-bd60-7900da0b3394,unique_current_alias
AFRIK,2015-09-03,2015-09-16,1,0,4,True,01a054a7-4be1-775c-aeba-aae445617485,unique_current_alias
AFRINSURE,2014-07-14,2022-06-30,9,0,988,True,01a054a7-4be1-7d53-aef6-cdb3866a15ee,unique_current_alias
AFRIPRUD,2014-06-30,2026-08-07,13,0,5712,True,01a054a7-4be1-72a1-bd9b-ae076d8fd0a1,unique_current_alias
AFROMEDIA,2014-06-30,2023-07-10,10,0,840,True,01a054a7-4be1-7ffb-a7a7-a10fadfda890,unique_current_alias
AFRPAINTS,2014-06-30,2017-05-26,4,0,118,True,01a054a7-4be1-7634-8ee6-0b360dca9d24,unique_current_alias
AGLEVENT,2014-06-30,2019-12-24,6,0,2220,True,01a054a7-4be1-79d7-9ce8-ea5614262782,unique_current_alias
AIICO,2014-06-30,2026-08-07,13,0,5712,True,01a054a7-4be1-7347-9dcf-dd2e0cd3803a,unique_current_alias
AIRSERVICE,2014-06-30,2019-02-26,6,0,2023,True,01a054a7-4be1-7cf4-a8ad-5e74f758895f,unique_current_alias
AIRTELAFRI,2019-07-09,2026-08-07,8,0,3248,True,01a054a7-4be1-74f3-a72c-8513e8717278,unique_current_alias
ALEX,2014-07-30,2026-07-21,13,0,1948,True,01a054a7-4be1-751d-8b9b-22c022dcce28,unique_current_alias
ALUMACO,2014-07-01,2016-04-25,3,0,123,True,01a054a7-4be1-7b3d-aa76-e3c5d3999451,unique_current_alias
ANINO,2014-08-15,2014-11-20,1,0,14,True,01a054a7-4be2-729f-97f1-c75663e82882,unique_current_alias
ARADEL,2024-10-14,2026-08-07,3,0,861,True,01a054a7-4be2-7a67-8672-b791afcf42d6,unique_current_alias
ARBICO,2014-07-01,2024-04-16,11,0,426,True,01a054a7-4be2-7bb8-919b-ae294e05a26f,unique_current_alias
ARDOVA,2020-02-24,2023-07-10,4,0,1587,True,01a054a7-4be2-70c4-8847-3bf0a7619c8d,unique_current_alias
ASHAKACEM,2014-06-30,2017-07-03,4,0,1380,True,01a054a7-4be2-7298-9a5d-cbb2ad86c961,unique_current_alias
ASOSAVINGS,2014-07-02,2025-11-18,5,7,297,True,01a054a7-4be2-70a1-aed3-a4c95fe7ef52,unique_current_alias
AUSTINLAZ,2014-07-11,2026-08-07,12,1,1185,True,01a054a7-4be2-757e-82c6-95d2d1c1fc19,unique_current_alias
AVACAP,2026-07-31,2026-08-07,1,0,5,True,01a054a7-4be2-7ecc-a157-042183859a4d,unique_current_alias
AVAIF,2024-05-10,2026-02-19,2,1,15,True,01a054a7-4be2-74f2-a90a-ab409e98da84,unique_current_alias
AVONCROWN,2014-06-30,2017-08-30,4,0,426,True,01a054a7-4be2-7fa8-b04a-ce53d08130d4,unique_current_alias
BECOPETRO,2014-06-30,2017-04-20,4,0,228,True,01a054a7-4be2-7ec0-89b2-d7f6cf2b95d9,unique_current_alias
BERGER,2014-06-30,2026-08-07,13,0,5619,True,01a054a7-4be2-7cff-99bc-677c279d80b7,unique_current_alias
BETAGLAS,2014-07-02,2026-08-07,13,0,5052,True,01a054a7-4be2-73d1-8c16-ddc673e9e4fc,unique_current_alias
BOCGAS,2014-06-30,2021-12-07,8,0,2278,True,01a054a7-4be2-7dc2-a1cf-0e6e984c2bf0,unique_current_alias
BUACEMENT,2020-01-09,2026-08-07,7,0,3083,True,01a054a7-4be2-730a-98f8-7faa423489d5,unique_current_alias
BUAFOODS,2022-01-05,2026-08-07,5,0,2116,True,01a054a7-4be2-718d-99af-184ba4b0e5ce,unique_current_alias
CADBURY,2014-06-30,2026-08-07,13,0,5712,True,01a054a7-4be2-77c8-8689-d454ede00b16,unique_current_alias
CAP,2014-06-30,2026-08-07,13,0,5694,True,01a054a7-4be2-741f-8d90-194f43484ac8,unique_current_alias
CAPHOTEL,2014-07-03,2023-10-31,10,0,1122,True,01a054a7-4be2-737e-87a9-bee4fac8c78f,unique_current_alias
CAPOIL,2014-07-16,2020-08-26,7,0,674,True,01a054a7-4be2-74e7-95c0-a5dd82f82c63,unique_current_alias
CAVERTON,2014-06-30,2026-08-07,13,0,5424,True,01a054a7-4be2-7141-8ab2-bba298c787c0,unique_current_alias
CCNN,2014-06-30,2019-12-23,6,0,2576,True,01a054a7-4be2-7a30-abd6-7bc005399d96,unique_current_alias
CHAMPION,2014-06-30,2026-08-07,13,0,5594,True,01a054a7-4be2-7e67-8d74-64c112359128,unique_current_alias
CHAMS,2014-06-30,2026-08-07,13,0,4467,True,01a054a7-4be3-7595-944c-ae6c995dca0f,unique_current_alias
CHELLARAM,2014-06-30,2026-08-07,13,0,2094,True,01a054a7-4be3-7de9-ad58-fcc3228b7c66,unique_current_alias
CHIPLC,2018-10-29,2023-11-17,6,0,2026,True,01a054a7-4be3-735f-96f5-bd8d041d134b,unique_current_alias
CILEASING,2014-06-30,2026-08-07,13,0,4733,True,01a054a7-4be3-7f93-a276-5cb6f7cc7355,unique_current_alias
CMFC,2026-06-30,2026-08-07,1,0,43,True,01a054a7-4be3-7338-b0ca-fa829ee306fb,unique_current_alias
CNIF,2025-09-04,2026-08-07,2,0,392,True,01a054a7-4be3-768b-b0e5-11fc08ec3389,unique_current_alias
CONHALLPLC,2023-11-27,2026-08-07,4,0,1260,True,01a054a7-4be3-75d9-bff3-f808868b059a,unique_current_alias
CONOIL,2014-06-30,2026-08-07,13,0,5681,True,01a054a7-4be3-7fa0-8dd9-a51f2b31cbe9,unique_current_alias
CONTINSURE,2014-06-30,2019-11-27,6,0,2259,True,01a054a7-4be3-77cc-835d-3da27b6a1611,unique_current_alias
CORNERST,2014-07-02,2026-08-07,13,0,4664,True,01a054a7-4be3-755e-a4cd-44abcd41d266,unique_current_alias
COSTAIN,2014-06-30,2016-11-29,3,0,779,True,01a054a7-4be3-77c1-acd7-7624ab166bd4,unique_current_alias
COURTVILLE,2014-06-30,2023-10-16,10,0,2993,True,01a054a7-4be3-7fb7-bcbf-c2e9f706c630,unique_current_alias
CUSTODIAN,2017-12-11,2026-08-07,10,0,4068,True,01a054a7-4be3-7a60-bbca-5d326b1d5dbb,unique_current_alias
CUSTODYINS,2014-06-30,2017-12-08,4,0,1625,True,01a054a7-4be3-7649-8cb8-e52a4e5699a2,unique_current_alias
CUTIX,2014-06-30,2026-08-07,13,0,5565,True,01a054a7-4be3-7153-a3e4-ebccc56e692b,unique_current_alias
CWG,2014-06-30,2026-08-07,13,0,3054,True,01a054a7-4be3-7eac-ba27-bbb36266a794,unique_current_alias
DAARCOMM,2014-07-03,2026-08-07,13,0,3267,True,01a054a7-4be3-781c-9d09-c9a629f7c1f6,unique_current_alias
DANGCEM,2014-06-30,2026-08-07,13,0,5711,True,01a054a7-4be3-7504-b669-e75bcab016e6,unique_current_alias
DANGFLOUR,2014-06-30,2019-10-25,6,0,2231,True,01a054a7-4be3-7fb0-9641-4f7db80680ab,unique_current_alias
DANGSUGAR,2014-06-30,2026-08-07,13,0,5712,True,01a054a7-4be3-7056-a6b8-b0746050f75b,unique_current_alias
DEAPCAP,2014-07-11,2026-06-29,13,0,2191,True,01a054a7-4be3-7b26-b692-1552ea44d5c7,unique_current_alias
DIAMONDBNK,2014-06-30,2019-03-19,6,0,2249,True,01a054a7-4be3-71ca-b3d2-db43c8df8b77,unique_current_alias
DNMEYER,2014-06-30,2016-10-20,3,0,477,True,01a054a7-4be3-7539-84ec-690a0c4ad1ff,unique_current_alias
DUNLOP,2014-06-30,2018-10-04,5,0,1019,True,01a054a7-4be4-73f9-a8b6-e1a9e10a9469,unique_current_alias
EKOCORP,2014-07-01,2022-06-09,9,0,632,True,01a054a7-4be4-7b5b-82bc-d9b4b0733439,unique_current_alias
ELLAHLAKES,2014-06-30,2026-08-07,13,0,2336,True,01a054a7-4be4-72d1-af4c-a89770370ee5,unique_current_alias
ENAMELWA,2014-08-12,2026-08-07,13,0,1655,True,01a054a7-4be4-746e-b5ed-8072d15bd1d1,unique_current_alias
EQUITYASUR,2014-06-30,2018-08-17,5,0,850,True,01a054a7-4be4-7468-88b6-8a922e5c5bb3,unique_current_alias
ETERNA,2014-06-30,2026-08-07,13,0,5704,True,01a054a7-4be4-7f56-90d4-7ca1d45f69ca,unique_current_alias
ETI,2014-06-30,2026-08-07,13,0,5713,True,01a054a7-4be4-75ac-8cb5-3e8b987b7b08,unique_current_alias
ETRANZACT,2014-07-01,2026-08-07,13,0,3564,True,01a054a7-4be4-7ca5-a910-5fd1fc9273f4,unique_current_alias
EUNISELL,2021-06-23,2026-08-07,6,0,1043,True,01a054a7-4be4-75f9-8a19-25f2a08c5bed,unique_current_alias
EVANSMED,2014-06-30,2017-07-04,4,0,969,True,01a054a7-4be4-7116-9748-3a6053c3b8a6,unique_current_alias
FBNH,2014-06-30,2025-03-04,12,0,5053,True,01a054a7-4be4-715b-9d60-489740811271,unique_current_alias
FCMB,2014-06-30,2026-08-07,13,0,5714,True,01a054a7-4be4-7e70-a93b-d9ac05459e70,unique_current_alias
FFFBNMMF,2019-04-30,2019-11-08,1,0,6,True,01a054a7-4be4-7577-bd55-8b06dc6a9f33,unique_current_alias
FG112024S1,2021-05-11,2021-05-11,1,0,2,True,01a054a7-4be4-716c-8970-076923aa05b6,unique_current_alias
FG112034S2,2019-08-15,2023-11-29,3,2,12,True,01a054a7-4be4-73e7-a5f6-876f7e7aa06a,unique_current_alias
FG122020S1,2019-02-26,2019-02-26,1,0,2,True,01a054a7-4be4-7a00-bc7c-018164da618c,unique_current_alias
FG132021S3,2020-08-18,2020-08-18,1,0,2,True,01a054a7-4be4-786b-9821-ad6321473104,unique_current_alias
FG132036S2,2021-05-14,2021-05-31,1,0,4,True,01a054a7-4be4-79dc-b56a-f1d52540be41,unique_current_alias
FG142027S1,2021-11-02,2025-06-02,2,3,6,True,01a054a7-4be4-7270-9179-a64d8c197f59,unique_current_alias
FG152028S1,2024-02-23,2024-02-23,1,0,2,True,01a054a7-4be4-778b-a247-a3cd8cbd209d,unique_current_alias
FG162029S1,2024-01-26,2025-09-15,2,0,10,True,01a054a7-4be4-773f-a200-1902df6e3b3e,unique_current_alias
FG192038S2,2025-07-23,2025-07-30,1,0,4,True,01a054a7-4be5-760e-8d8e-ac6e92c43071,unique_current_alias
FG9B2022S1,2019-04-09,2021-06-29,2,1,4,True,01a054a7-4be5-7ba3-bc9f-32a07d7a829e,unique_current_alias
FGB2026S2,2024-09-11,2024-09-11,1,0,2,True,01a054a7-4be5-781c-bef1-13d405b03d0f,unique_current_alias
FGS201910,2017-12-08,2018-05-11,2,0,6,True,01a054a7-4be5-7dea-954e-605b78b536d1,unique_current_alias
FGS201912,2018-01-23,2018-07-30,1,0,4,True,01a054a7-4be5-7c59-adbf-e6d77aebf4fb,unique_current_alias
FGS201914,2018-12-13,2018-12-13,1,0,2,True,01a054a7-4be5-7c10-af0f-b306b0d53e53,unique_current_alias
FGS2019S1,2017-05-12,2018-09-13,2,0,26,True,01a054a7-4be5-7dfd-a708-c14ed7281f28,unique_current_alias
FGS2019S2,2018-02-06,2018-03-02,1,0,4,True,01a054a7-4be5-7e6f-89ca-24cfd782573c,unique_current_alias
FGS2019S6,2018-08-08,2019-01-18,2,0,4,True,01a054a7-4be5-7f40-9d57-1eb41db81a63,unique_current_alias
FGS202011,2018-01-30,2019-03-19,2,0,6,True,01a054a7-4be5-7b39-8c67-93f6db34b34a,unique_current_alias
FGS2020S3,2018-02-16,2018-10-31,1,0,12,True,01a054a7-4be5-787d-8cf0-879197a9d786,unique_current_alias
FGS2020S5,2017-09-25,2019-04-23,3,0,14,True,01a054a7-4be5-74b1-b8fd-e0d44a50c9c2,unique_current_alias
FGS2020S7,2018-11-01,2018-11-01,1,0,2,True,01a054a7-4be5-7454-9a44-d4ceead3e795,unique_current_alias
FGS2020S9,2018-01-30,2018-01-30,1,0,2,True,01a054a7-4be5-71d4-b155-9780f3227bc2,unique_current_alias
FGS202129,2019-11-22,2019-11-22,1,0,2,True,01a054a7-4be5-7230-81b7-4dd1126b7550,unique_current_alias
FGS202162,2019-11-08,2019-11-08,1,0,2,True,01a054a7-4be5-72a6-896f-6559bbe02978,unique_current_alias
FGS202386,2021-06-16,2021-06-16,1,0,2,True,01a054a7-4be5-7d15-ad2a-d89f72a44517,unique_current_alias
FGS202404,2023-10-09,2023-10-09,1,0,2,True,01a054a7-4be5-766f-b8c4-b9027b10bd58,unique_current_alias
FGS202423,2023-11-13,2023-11-13,1,0,2,True,01a054a7-4be5-78bc-b585-2f1d7b807ba2,unique_current_alias
FGS202518,2023-09-13,2023-09-13,1,0,2,True,01a054a7-4be5-70c6-84ab-a4d5a994fb3e,unique_current_alias
FGS202520,2024-01-15,2024-01-15,1,0,2,True,01a054a7-4be5-7b00-aa26-6d349d2da7ab,unique_current_alias
FGS202537,2023-10-25,2023-10-30,1,0,6,True,01a054a7-4be6-764e-8068-9835bef5b78a,unique_current_alias
FGS202543,2024-01-17,2024-01-18,1,0,4,True,01a054a7-4be6-727d-85e9-89708d203c0a,unique_current_alias
FGS202650,2024-04-02,2024-10-03,1,0,8,True,01a054a7-4be6-71a7-bfb6-85e5f1df553c,unique_current_alias
FGS202656,2024-09-02,2025-06-26,2,0,6,True,01a054a7-4be6-791c-804d-2361e4be9f2f,unique_current_alias
FGS202659,2024-10-23,2024-10-23,1,0,2,True,01a054a7-4be6-7161-8290-f2530e2a2b25,unique_current_alias
FGS202665,2025-03-17,2025-03-17,1,0,2,True,01a054a7-4be6-7828-a738-8c1c7c5a6693,unique_current_alias
FGS202667,2025-02-04,2025-02-07,1,0,4,True,01a054a7-4be6-7416-8f50-4f3876611b84,unique_current_alias
FGS202669,2024-12-16,2024-12-16,1,0,2,True,01a054a7-4be6-7cb1-96b3-3c8b211203d8,unique_current_alias
FGS202758,2025-02-10,2025-02-10,1,0,2,True,01a054a7-4be6-7285-a082-6f5f4a93a051,unique_current_alias
FGS202760,2025-06-19,2025-10-20,1,0,8,True,01a054a7-4be6-7614-8eb6-d491d45d6cda,unique_current_alias
FGS202762,2024-06-24,2024-06-24,1,0,2,True,01a054a7-4be6-7246-8780-6bbd3cb64c30,unique_current_alias
FGS202764,2025-04-15,2025-06-23,1,0,4,True,01a054a7-4be6-7c23-af67-c4eac0498e94,unique_current_alias
FGS202766,2024-09-23,2025-01-30,2,0,14,True,01a054a7-4be6-7278-b080-0dd047e7317f,unique_current_alias
FGS202768,2024-09-25,2025-09-18,2,0,4,True,01a054a7-4be6-75fa-9527-bb28cc5bdba6,unique_current_alias
FGS202770,2024-10-23,2025-05-13,2,0,12,True,01a054a7-4be6-7d5a-8138-849053c954b6,unique_current_alias
FGS202772,2025-05-06,2025-05-06,1,0,2,True,01a054a7-4be6-788c-b3f1-a0c75af4b890,unique_current_alias
FGS202774,2025-02-12,2025-08-29,1,0,10,True,01a054a7-4be6-7736-bb96-a743f866e286,unique_current_alias
FGS202886,2025-08-05,2025-08-05,1,0,2,True,01a054a7-4be6-7c3e-94d4-15df7c6a80cf,unique_current_alias
FGSUK2024S1,2019-11-14,2023-10-31,5,0,24,True,01a054a7-4be6-74e1-a3d2-51272e3fbf5c,unique_current_alias
FGSUK2025S2,2020-10-27,2025-03-13,6,0,28,True,01a054a7-4be6-73be-a1fc-27211f44f4ee,unique_current_alias
FGSUK2027S3,2022-09-22,2026-06-29,5,0,64,True,01a054a7-4be7-7cc7-9042-35948c2de2e3,unique_current_alias
FGSUK2031S4,2022-09-06,2026-07-15,5,0,50,True,01a054a7-4be7-7997-8067-b00119e8bd73,unique_current_alias
FGSUK2032S5,2023-10-17,2026-01-30,4,0,18,True,01a054a7-4be7-7f0d-913d-4bec0f6c2567,unique_current_alias
FGSUK2032S7,2026-03-31,2026-07-13,1,0,12,True,01a054a7-4be7-789c-8359-9f284b77a4aa,unique_current_alias
FGSUK2033S6,2024-04-30,2026-07-21,3,0,28,True,01a054a7-4be7-7fae-a26d-3cd009ebe710,unique_current_alias
FIDELITYBK,2014-06-30,2026-08-07,13,0,5717,True,01a054a7-4be7-7961-9746-2793a436b493,unique_current_alias
FIDSON,2014-06-30,2026-08-07,13,0,5565,True,01a054a7-4be7-7c3e-9e74-a99a63e0c749,unique_current_alias
FIRSTALUM,2014-07-16,2019-05-13,6,0,1059,True,01a054a7-4be7-7069-bd54-a3d902ebcb66,unique_current_alias
FIRSTHOLDCO,2025-03-10,2026-08-07,2,0,662,True,01a054a7-4be7-708b-a36f-a76d5130c378,unique_current_alias
FLOURMILL,2014-06-30,2024-12-13,11,0,4944,True,01a054a7-4be7-727f-9bdf-f23c291e9c36,unique_current_alias
FO,2014-06-30,2020-02-21,7,0,2623,True,01a054a7-4be7-70e0-bf5c-0b608ad36718,unique_current_alias
FORTISMFB,2014-07-16,2018-07-27,5,0,291,True,01a054a7-4be7-706e-bb4a-af49b943881e,unique_current_alias
FTGINSURE,2026-02-04,2026-08-07,1,0,210,True,01a054a7-4be7-79cc-bd23-f0f134971df4,unique_current_alias
FTNCOCOA,2014-06-30,2026-08-07,13,0,3710,True,01a054a7-4be7-75ab-a3d0-7b7821a32813,unique_current_alias
FirstHoldCo,2025-03-06,2025-03-07,1,0,4,True,01a054a7-4be7-7209-b42d-02ec08457f11,unique_current_alias
GCAPPA,2014-07-16,2016-05-16,3,0,112,True,01a054a7-4be7-75df-b814-7bdc42270a17,unique_current_alias
GEREGU,2022-10-05,2026-08-07,5,0,1767,True,01a054a7-4be7-7930-a11f-7c4f49ab1c5b,unique_current_alias
GLAXOSMITH,2014-06-30,2024-01-19,11,0,4509,True,01a054a7-4be7-7e3f-9ed1-d8dbc3665306,unique_current_alias
GNI,2014-07-14,2018-12-24,5,0,290,True,01a054a7-4be7-7c29-8ee1-9e969ffa494e,unique_current_alias
GOLDBREW,2014-07-14,2025-05-05,12,0,1249,True,01a054a7-4be7-78a9-8bca-282855ce0e32,unique_current_alias
GOLDINSURE,2019-02-18,2019-07-01,1,0,106,True,01a054a7-4be7-7c90-927b-832fb673aba7,unique_current_alias
GREENWETF,2023-08-04,2026-08-07,4,0,383,True,01a054a7-4be7-73c1-9323-dca356847262,unique_current_alias
GSPECPLC,2017-11-27,2023-03-23,7,0,669,True,01a054a7-4be7-7a16-9b0d-6d73eb90cbdb,unique_current_alias
GTCO,2021-06-24,2026-08-07,6,0,2373,True,01a054a7-4be7-7f40-aafe-952473422b07,unique_current_alias
GUARANTY,2014-06-30,2021-06-17,8,0,3334,True,01a054a7-4be7-791e-ae11-d28ccf5e0601,unique_current_alias
GUINEAINS,2014-07-02,2026-08-07,13,0,2679,True,01a054a7-4be8-78c6-a697-ceded41a6f15,unique_current_alias
GUINNESS,2014-06-30,2026-08-07,13,0,5712,True,01a054a7-4be8-70a7-8cc6-8c38214d43a0,unique_current_alias
HBMNG,2026-07-09,2026-08-07,1,0,30,True,01a054a7-4be8-76ee-9b55-57662d5403b6,unique_current_alias
HMARKINS,2014-06-30,2018-10-26,5,0,908,True,01a054a7-4be8-71f5-a470-461abaf1e881,unique_current_alias
HMCALL,2024-11-20,2026-08-07,3,0,804,True,01a054a7-4be8-7f05-acad-9d61ef32ef35,unique_current_alias
HONYFLOUR,2014-06-30,2026-08-07,13,0,5708,True,01a054a7-4be8-750d-a91d-47bbf016e369,unique_current_alias
IKEJAHOTEL,2014-06-30,2026-08-07,12,1,4453,True,01a054a7-4be8-7ead-b955-0e58a58e7ebe,unique_current_alias
IMG,2021-12-15,2026-08-07,6,0,2038,True,01a054a7-4be8-74de-a39b-58761a684100,unique_current_alias
INFINITY,2014-06-30,2026-08-07,13,0,1557,True,01a054a7-4be8-7d40-b80d-03d4cf6267bb,unique_current_alias
INITSPLC,2016-10-25,2021-06-17,6,0,446,True,01a054a7-4be8-7ee3-89a6-b8549dc1a787,unique_current_alias
INTBREW,2014-06-30,2026-08-07,13,0,5685,True,01a054a7-4be8-74fd-9c08-61110ad4b002,unique_current_alias
INTENEGINS,2014-06-30,2026-08-07,10,3,2061,True,01a054a7-4be8-7d42-87a3-ef9f94e3e882,unique_current_alias
INTERLINK,2014-07-16,2021-05-10,8,0,383,True,01a054a7-4be8-78a3-bf9e-364df4664a26,unique_current_alias
IPWA,2014-07-02,2016-04-27,3,0,125,True,01a054a7-4be8-75b4-9cba-3d7ec3bbca21,unique_current_alias
JAIZBANK,2017-02-08,2026-08-07,10,0,4468,True,01a054a7-4be8-772b-b2cb-9c2823a1eba0,unique_current_alias
JAPAULGOLD,2020-12-14,2026-08-07,7,0,2627,True,01a054a7-4be8-72f2-b048-df107eeed123,unique_current_alias
JAPAULOIL,2014-06-30,2020-12-11,7,0,2682,True,01a054a7-4be8-7b34-a0c6-2aa367da9dcf,unique_current_alias
JBERGER,2014-06-30,2026-08-07,13,0,5663,True,01a054a7-4be8-7f2c-ab2a-e9a2db4f3225,unique_current_alias
JOHNHOLT,2014-07-01,2026-08-07,13,0,3986,True,01a054a7-4be8-7973-a5cf-61a630c79d79,unique_current_alias
JOSBREW,2014-06-30,2016-04-28,3,0,180,True,01a054a7-4be8-7dc7-b0f6-9666abedbbf2,unique_current_alias
JULI,2014-08-06,2026-08-07,13,0,1484,True,01a054a7-4be8-74e8-b07a-f6054030167b,unique_current_alias
LASACO,2014-07-02,2026-08-07,13,0,4605,True,01a054a7-4be8-7c9d-a755-0524dca14f2a,unique_current_alias
LAWUNION,2014-07-02,2020-10-15,7,0,1929,True,01a054a7-4be8-7364-95d8-c88a6863cd75,unique_current_alias
LEARNAFRCA,2014-06-30,2026-08-07,13,0,5434,True,01a054a7-4be8-7eae-873e-f9f32214c085,unique_current_alias
LEGENDINT,2025-04-24,2026-08-07,2,0,601,True,01a054a7-4be8-750d-8bc8-60a346fe4456,unique_current_alias
LENNARDS,2014-07-11,2016-11-28,3,0,82,True,01a054a7-4be9-77b1-84f4-ae00220d47fa,unique_current_alias
LINKASSURE,2014-07-14,2026-08-07,13,0,4609,True,01a054a7-4be9-7aa1-ba11-ea70de3312cc,unique_current_alias
LIVESTOCK,2014-06-30,2026-08-07,13,0,5702,True,01a054a7-4be9-7d81-aa90-28fb99c1a384,unique_current_alias
LIVINGTRUST,2021-01-18,2026-08-07,6,0,1422,True,01a054a7-4be9-79f6-812c-c3942d52c97e,unique_current_alias
LOTUSHAL15,2014-11-14,2026-06-02,7,6,304,True,01a054a7-4be9-7a39-94f9-ecd89d0d23e5,unique_current_alias
MANDRID,2014-07-14,2016-10-05,3,0,51,True,01a054a7-4be9-7509-82d2-9a9e00a21b1e,unique_current_alias
MANSARD,2014-06-30,2026-08-07,13,0,5595,True,01a054a7-4be9-77a5-bc61-0b64733a901a,unique_current_alias
MAYBAKER,2014-06-30,2026-08-07,13,0,5686,True,01a054a7-4be9-7a65-814e-12a1b69b056e,unique_current_alias
MBENEFIT,2014-06-30,2026-08-07,13,0,4390,True,01a054a7-4be9-7785-83ae-27c0c597bc6a,unique_current_alias
MCNICHOLS,2014-07-01,2026-08-07,13,0,3104,True,01a054a7-4be9-7b07-92a8-e894dd3984ca,unique_current_alias
MECURE,2023-11-10,2026-08-07,4,0,1244,True,01a054a7-4be9-7cda-b9a8-c22fc15f6397,unique_current_alias
MEDVIEWAIR,2017-01-31,2020-06-26,4,0,747,True,01a054a7-4be9-7d9c-b08a-f3d2a5726c44,unique_current_alias
MERGROWTH,2021-01-28,2026-08-06,4,2,243,True,01a054a7-4be9-7473-bc80-f5e216df2660,unique_current_alias
MERVALUE,2024-02-09,2026-08-07,3,0,264,True,01a054a7-4be9-7158-bc5e-c669ebd919d1,unique_current_alias
MEYER,2016-10-31,2026-08-07,11,0,2994,True,01a054a7-4be9-71ad-a154-216462006cd4,unique_current_alias
MOBIL,2014-06-30,2021-04-09,8,0,3238,True,01a054a7-4be9-73a4-99da-51366ba9c2d0,unique_current_alias
MOFIREIF,2025-11-11,2026-07-16,2,0,46,True,01a054a7-4be9-7e5d-ba2b-c821798cbf53,unique_current_alias
MORISON,2014-07-03,2026-08-07,13,0,2695,True,01a054a7-4be9-743d-a0e8-b4fd237a2de3,unique_current_alias
MRS,2014-06-30,2025-07-24,12,0,4769,True,01a054a7-4be9-753f-b05c-8eef8a85ac5b,unique_current_alias
MTI,2014-07-11,2017-04-06,4,0,100,True,01a054a7-4be9-795a-a5cf-1e1334e553c1,unique_current_alias
MTNN,2019-05-16,2026-08-07,8,0,3390,True,01a054a7-4be9-736b-9a3e-c30fe6c47ac7,unique_current_alias
MULTITREX,2014-07-21,2018-10-11,5,0,266,True,01a054a7-4be9-7732-95b0-9ef65df51185,unique_current_alias
MULTIVERSE,2014-07-01,2026-08-07,13,0,3482,True,01a054a7-4be9-7927-9ec4-7b32cbfaaf60,unique_current_alias
NAHCO,2014-06-30,2026-08-07,13,0,5708,True,01a054a7-4be9-7435-82ad-fab170055f94,unique_current_alias
NASCON,2014-06-30,2026-08-07,13,0,5710,True,01a054a7-4be9-78ec-8756-56ed1d5c77a3,unique_current_alias
NB,2014-06-30,2026-08-07,13,0,5712,True,01a054a7-4be9-7cae-8264-3779110099a5,unique_current_alias
NCR,2014-07-03,2026-08-07,13,0,2827,True,01a054a7-4be9-7bb7-a9fa-6a10d86531f1,unique_current_alias
NEIMETH,2014-06-30,2026-08-07,13,0,5470,True,01a054a7-4be9-7071-887d-13a4621cb0f2,unique_current_alias
NEM,2014-06-30,2026-08-07,13,0,5667,True,01a054a7-4bea-7daf-8765-ffbd453530a1,unique_current_alias
NESF,2014-07-03,2024-02-13,11,0,374,True,01a054a7-4bea-79e4-bb88-ac004c611982,unique_current_alias
NESTLE,2014-06-30,2026-08-07,13,0,5709,True,01a054a7-4bea-7738-af09-d8c825fde6bd,unique_current_alias
NEWGOLD,2015-10-09,2026-08-07,12,0,529,True,01a054a7-4bea-71d7-b4b1-2d57b531e396,unique_current_alias
NGXGROUP,2021-10-15,2026-08-07,6,0,2213,True,01a054a7-4bea-756c-b77b-bf41c3ca6f9e,unique_current_alias
NIDF,2023-10-05,2026-08-07,4,0,1317,True,01a054a7-4bea-718a-a107-ef5595bb87fd,unique_current_alias
NIG-GERMAN,2014-07-02,2017-10-03,4,0,348,True,01a054a7-4bea-75b8-a11a-61813546b729,unique_current_alias
NIGERINS,2014-06-30,2022-06-27,9,0,2057,True,01a054a7-4bea-72b8-982d-2f59356a2270,unique_current_alias
NIGROPES,2014-07-01,2016-09-28,3,0,67,True,01a054a7-4bea-72fc-ab50-7d8ed1099d80,unique_current_alias
NIWICABLE,2014-06-30,2015-07-13,2,0,62,True,01a054a7-4bea-7da5-914c-731d005a3664,unique_current_alias
NNFM,2014-06-30,2026-08-07,13,0,4011,True,01a054a7-4bea-7413-ad5e-545db6f64882,unique_current_alias
NOTORE,2018-08-02,2025-06-02,8,0,681,True,01a054a7-4bea-7661-bf76-51d3877acfb3,unique_current_alias
NPFMCRFBK,2014-06-30,2026-08-07,13,0,5410,True,01a054a7-4bea-778d-82d7-88ea4ed497ce,unique_current_alias
NREIT,2026-01-02,2026-08-07,1,0,277,True,01a054a7-4bea-7b69-82c3-f6a86edb26a2,unique_current_alias
NSLTECH,2014-07-03,2026-08-07,13,0,2036,True,01a054a7-4bea-7fdd-9314-8e16eaf78742,unique_current_alias
OANDO,2014-06-30,2026-08-07,13,0,5693,True,01a054a7-4bea-718d-9531-76c4d6286410,unique_current_alias
OASISINS,2014-06-30,2014-07-03,1,0,8,True,01a054a7-4bea-7789-9150-870d5d92b276,unique_current_alias
OKOMUOIL,2014-06-30,2026-08-07,13,0,5710,True,01a054a7-4bea-77a7-9f75-0d1809a9ac60,unique_current_alias
OMATEK,2014-06-30,2026-08-07,11,2,2046,True,01a054a7-4bea-7df5-87f1-2e4f3a01fdac,unique_current_alias
OMOMORBNK,2017-02-08,2020-11-06,4,0,66,True,01a054a7-4bea-7eb8-8d93-81315d85c3ae,unique_current_alias
OMOSAVBNK,2014-11-05,2017-01-17,4,0,69,True,01a054a7-4bea-71d8-9872-74c4e0701d5b,unique_current_alias
PAINTCOM,2014-07-15,2018-05-28,5,0,569,True,01a054a7-4bea-7e7f-a3b0-38bc64df3a43,unique_current_alias
PHARMDEKO,2014-07-01,2023-07-10,10,0,1617,True,01a054a7-4bea-73ed-b0dc-0c4f0a04f4e9,unique_current_alias
PORTPAINT,2014-06-30,2021-06-30,8,0,1712,True,01a054a7-4bea-70f8-bdb0-b721b561b62c,unique_current_alias
PREMBREW,2014-06-30,2016-11-25,3,0,333,True,01a054a7-4bea-7388-a72e-c2cd4dd07d26,unique_current_alias
PREMPAINTS,2014-07-30,2026-08-07,10,3,624,True,01a054a7-4bea-783f-8e12-d364761cbd37,unique_current_alias
PRESCO,2014-06-30,2026-08-07,13,0,5664,True,01a054a7-4bea-7472-b63b-9bb6e4624925,unique_current_alias
PRESTIGE,2014-06-30,2026-08-07,13,0,4277,True,01a054a7-4bea-71d4-9339-58d3789df6a1,unique_current_alias
PZ,2014-06-30,2026-08-07,13,0,5712,True,01a054a7-4beb-731d-aab1-19aea66ca285,unique_current_alias
RAKUNITY,2016-08-30,2020-10-12,5,0,31,True,01a054a7-4beb-72d5-92ee-3c4d88fc6347,unique_current_alias
REDSTAREX,2014-06-30,2026-08-07,13,0,5472,True,01a054a7-4beb-72c6-9c8d-4d251adfc418,unique_current_alias
REGALINS,2014-07-02,2026-08-07,13,0,3984,True,01a054a7-4beb-701e-8c9a-a3d16c57ae97,unique_current_alias
RESORTSAL,2014-07-01,2019-07-01,4,2,340,True,01a054a7-4beb-75fd-93b3-ce06509a150d,unique_current_alias
ROADS,2014-07-15,2017-09-25,4,0,250,True,01a054a7-4beb-7a64-832a-8c5d06fe341f,unique_current_alias
ROKANA,2014-08-12,2016-04-27,3,0,10,True,01a054a7-4beb-7932-86af-8c2d3f8641c4,unique_current_alias
ROYALEX,2014-06-30,2026-08-07,13,0,4263,True,01a054a7-4beb-7c86-875c-5a34f26c251b,unique_current_alias
RTBRISCOE,2014-06-30,2026-08-07,13,0,3814,True,01a054a7-4beb-7ebe-baa8-f8e2e79f7108,unique_current_alias
SCOA,2014-07-14,2026-08-07,13,0,2950,True,01a054a7-4beb-79cd-80be-37fc87c455d0,unique_current_alias
SEPLAT,2014-06-30,2026-08-07,13,0,5647,True,01a054a7-4beb-7dba-aca8-df56926d3693,unique_current_alias
SFSREIT,2020-02-20,2026-08-07,7,0,2137,True,01a054a7-4beb-7b55-8ad7-dcde9204bb6c,unique_current_alias
SIAMLETF40,2022-01-19,2026-08-06,5,0,216,True,01a054a7-4beb-7403-b8dd-85ca263f2049,unique_current_alias
SIMCAPVAL,2015-07-24,2015-08-18,1,0,4,True,01a054a7-4beb-76fa-bed6-581c63da8f67,unique_current_alias
SKYAVN,2019-04-24,2026-08-07,8,0,2540,True,01a054a7-4beb-7594-a6ef-6703db55731b,unique_current_alias
SKYEBANK,2014-06-30,2018-09-21,5,0,2006,True,01a054a7-4beb-7a79-b29f-6c5c8069d9c4,unique_current_alias
SKYESHELT,2014-07-22,2020-01-29,7,0,358,True,01a054a7-4beb-71b9-bf52-0a4043c35e05,unique_current_alias
SMURFIT,2014-11-10,2025-09-08,12,0,157,True,01a054a7-4beb-7959-9689-51ba123cfc74,unique_current_alias
SOVRENINS,2014-06-30,2026-08-07,13,0,4195,True,01a054a7-4beb-70ca-8dcc-68acefbfb18c,unique_current_alias
STACO,2014-07-01,2018-07-04,5,0,691,True,01a054a7-4beb-76c3-8283-c69a3c311aa5,unique_current_alias
STANBIC,2014-06-30,2026-08-07,13,0,5714,True,01a054a7-4beb-769f-a4a9-bc9895304dd6,unique_current_alias
STANBICETF30,2017-06-30,2026-08-07,8,2,575,True,01a054a7-4beb-75b6-bf4c-77d3e34ec8de,unique_current_alias
STDINSURE,2014-07-02,2019-06-28,6,0,968,True,01a054a7-4beb-75f0-ab9f-373f64a150b2,unique_current_alias
STERLINGNG,2023-04-06,2026-08-07,4,0,1543,True,01a054a7-4beb-763c-ba3f-0d1e2df7b964,unique_current_alias
STERLNBANK,2014-06-30,2023-03-29,10,0,4157,True,01a054a7-4beb-7df3-8da7-a1f57c16b6db,unique_current_alias
STUDPRESS,2014-07-14,2021-11-26,8,0,681,True,01a054a7-4beb-7023-b7e4-bd94362f7877,unique_current_alias
SUNUASSUR,2018-08-20,2026-08-07,9,0,2817,True,01a054a7-4beb-7e9e-b216-583b77293787,unique_current_alias
TAJSUKS1,2026-04-01,2026-07-15,1,0,6,True,01a054a7-4bec-7d97-bfe9-592d86b88809,unique_current_alias
TAJSUKS2,2026-04-09,2026-07-09,1,0,12,True,01a054a7-4bec-72a1-91b7-533b5a678978,unique_current_alias
TANTALIZER,2014-07-11,2026-08-07,13,0,2481,True,01a054a7-4bec-7961-94f7-94d366ac240d,unique_current_alias
THOMASWY,2014-07-11,2026-08-07,12,1,1676,True,01a054a7-4bec-764b-9db6-84d87900a1e8,unique_current_alias
TIGERBRANDS,2015-11-24,2016-07-22,2,0,296,True,01a054a7-4bec-7e7a-a447-102573839696,unique_current_alias
TIP,2021-08-12,2026-08-07,6,0,1444,True,01a054a7-4bec-7a0e-8a7d-58c3ce9b902c,unique_current_alias
TOTAL,2014-06-30,2026-08-07,13,0,5710,True,01a054a7-4bec-7aef-84bc-d5b549e753b1,unique_current_alias
TOURIST,2014-08-12,2024-12-20,11,0,864,True,01a054a7-4bec-76b8-b1ba-f88a1d5923e8,unique_current_alias
TRANSCOHOT,2015-01-15,2026-08-07,12,0,3917,True,01a054a7-4bec-7c76-bba4-db012a49907f,unique_current_alias
TRANSCORP,2014-06-30,2026-08-07,13,0,5693,True,01a054a7-4bec-70a0-b001-940606d87b0a,unique_current_alias
TRANSEXPR,2014-06-30,2026-08-07,13,0,3412,True,01a054a7-4bec-7413-a9dd-c06c2d3029b7,unique_current_alias
TRANSPOWER,2024-03-04,2026-08-07,3,0,1141,True,01a054a7-4bec-75e6-b481-48c3eae4f241,unique_current_alias
TRIPPLEG,2014-07-02,2026-08-07,13,0,3676,True,01a054a7-4bec-77d3-a2bf-dd7d06b326f8,unique_current_alias
UAC-PROP,2014-06-30,2021-07-08,8,0,3334,True,01a054a7-4bed-7118-a8eb-7fd1716c780a,unique_current_alias
UACN,2014-06-30,2026-08-07,13,0,5712,True,01a054a7-4bed-7e35-9af6-1566ffef8c75,unique_current_alias
UBA,2014-06-30,2026-08-07,13,0,5716,True,01a054a7-4bed-7499-8cec-680d338497fa,unique_current_alias
UBCAP,2014-06-30,2015-11-20,2,0,662,True,01a054a7-4bed-7bba-be1f-bc6ad628628e,unique_current_alias
UBN,2014-06-30,2023-11-13,10,0,4438,True,01a054a7-4bed-7882-9ff8-7f488156265d,unique_current_alias
UCAP,2015-11-23,2026-08-07,12,0,5050,True,01a054a7-4bed-787b-ae8a-5c6bfc92f3a2,unique_current_alias
UHOMREIT,2014-08-12,2026-08-07,13,0,1586,True,01a054a7-4bed-7468-ab5c-a3c87279a60a,unique_current_alias
UNHOMES,2014-07-14,2017-06-23,4,0,458,True,01a054a7-4bed-7667-9dc1-f3daca2b944d,unique_current_alias
UNIC,2014-07-01,2018-09-21,5,0,592,True,01a054a7-4bed-7d2d-ad5b-4888c0b5fd14,unique_current_alias
UNILEVER,2014-06-30,2026-08-07,13,0,5712,True,01a054a7-4bee-7e83-b8e9-f34f0500de20,unique_current_alias
UNIONDAC,2014-07-01,2021-03-04,8,0,1517,True,01a054a7-4bee-72f2-bc4d-e933228d1212,unique_current_alias
UNIONDICON,2014-07-17,2026-08-07,13,0,1826,True,01a054a7-4bee-7db8-90dd-a2c15691a998,unique_current_alias
UNIONVENT,2015-02-27,2015-02-27,1,0,2,True,01a054a7-4bee-75f9-9872-d94f364ce575,unique_current_alias
UNITYBNK,2014-06-30,2024-07-05,11,0,4583,True,01a054a7-4bee-7099-b53f-6bfa3c4d9377,unique_current_alias
UNITYKAP,2014-08-12,2018-04-13,5,0,424,True,01a054a7-4bee-799f-bd75-9bad2542b4a9,unique_current_alias
UNIVINSURE,2014-07-02,2026-08-07,13,0,2954,True,01a054a7-4bee-7a84-b076-0b80054ef081,unique_current_alias
UPDC,2021-07-09,2026-08-07,6,0,2348,True,01a054a7-4bee-7db9-a5c8-aaa9ccb99f48,unique_current_alias
UPDCREIT,2014-07-01,2026-08-07,13,0,3874,True,01a054a7-4bee-7f07-b8c0-4042c19fd5e2,unique_current_alias
UPL,2014-06-30,2026-08-07,13,0,5068,True,01a054a7-4bee-77ac-b844-c99a9f7ddaf3,unique_current_alias
UTC,2014-06-30,2017-04-21,4,0,460,True,01a054a7-4bee-739a-9f8c-ccb0d8cdbf71,unique_current_alias
VALUEFUND,2020-08-07,2020-08-12,1,0,5,True,01a054a7-4bee-7e7c-885a-7fcdc07c01f0,unique_current_alias
VANLEER,2014-07-02,2022-06-06,9,0,569,True,01a054a7-4bee-7fca-8589-0a93b4ab0a08,unique_current_alias
VERITASKAP,2018-04-18,2026-08-07,9,0,3083,True,01a054a7-4bee-7963-8b13-d9921e796585,unique_current_alias
VETBANK,2015-11-10,2026-08-07,9,3,173,True,01a054a7-4bee-7922-82ff-2b01e30dfc69,unique_current_alias
VETGOODS,2016-11-18,2026-08-03,3,8,154,True,01a054a7-4bee-71c6-92a9-e4fa2d7d86e0,unique_current_alias
VETGRIF30,2015-01-29,2026-07-31,11,1,246,True,01a054a7-4bef-7165-8c1e-e072a0f479d7,unique_current_alias
VETINDETF,2017-02-17,2026-07-31,4,6,190,True,01a054a7-4bef-775a-afeb-971c401c4e20,unique_current_alias
VFDGROUP,2023-10-06,2026-08-07,4,0,1309,True,01a054a7-4bef-7039-927e-1d228c4342d5,unique_current_alias
VITAFOAM,2014-06-30,2026-08-07,13,0,5702,True,01a054a7-4bef-76f5-9a5b-216bc2c85e2f,unique_current_alias
VONO,2014-07-01,2016-03-18,3,0,606,True,01a054a7-4bef-7d4f-953f-a9c915d379be,unique_current_alias
VSPBONDETF,2018-05-15,2026-08-06,6,3,618,True,01a054a7-4bef-7e6c-a112-2222a5709911,unique_current_alias
WAGLASS,2014-08-14,2016-04-27,3,0,18,True,01a054a7-4bef-730a-8903-7b9f4e6a11de,unique_current_alias
WAPCO,2014-06-30,2026-07-08,13,0,5682,True,01a054a7-4bef-7153-b531-edbff793dd12,unique_current_alias
WAPIC,2014-06-30,2026-08-07,13,0,5648,True,01a054a7-4bef-7707-baae-04f7d4cdcbf3,unique_current_alias
WEMABANK,2014-06-30,2026-08-07,13,0,5669,True,01a054a7-4bef-7830-a691-e998c3fd53ba,unique_current_alias
ZENITHBANK,2014-06-30,2026-08-07,13,0,5717,True,01a054a7-4bef-7fa7-a794-19f723dcd2e8,unique_current_alias
ZICHIS,2026-01-20,2026-08-07,1,0,218,True,01a054a7-4bef-7e99-8d83-9471f175589d,unique_current_alias
