symbol,closure_date,first_seen,last_seen,n_files
7UP,2013-08-19,2014-06-30,2015-08-07,245
7UP,2015-07-13,2015-08-10,2016-07-19,232
7UP,2016-07-18,2016-07-20,2018-03-09,391
ABBEYBANK,2026-05-13,2026-06-29,2026-07-21,17
ABBEYBDS,2011-07-12,2014-06-30,2024-05-15,2234
ABBEYBDS,2024-05-13,2024-05-16,2025-06-04,244
ABBEYBDS,2025-05-13,2025-06-05,2026-05-14,222
ABBEYBDS,2026-05-13,2026-05-15,2026-06-26,28
ABCTRANS,2013-07-29,2014-06-30,2015-08-07,245
ABCTRANS,2014-08-11,2015-08-10,2016-08-09,246
ABCTRANS,2016-08-08,2016-08-10,2018-12-27,564
ABCTRANS,2018-07-30,2018-12-28,2023-05-30,970
ABCTRANS,2023-05-29,2023-05-31,2024-05-28,217
ABCTRANS,2024-05-27,2024-05-29,2026-05-26,466
ABCTRANS,2026-05-25,2026-05-29,2026-07-21,37
ACADEMY,2011-09-12,2014-06-30,2015-08-07,245
ACADEMY,2014-09-30,2015-08-10,2022-09-20,1639
ACADEMY,2022-09-19,2022-09-22,2023-09-13,209
ACADEMY,2023-09-12,2023-09-14,2024-09-02,208
ACADEMY,2024-08-30,2024-09-03,2025-10-20,264
ACADEMY,2025-10-17,2025-10-21,2026-07-21,180
ACCESS,2012-10-03,2014-06-30,2015-08-07,245
ACCESS,2015-04-24,2015-08-10,2015-09-04,20
ACCESS,2015-09-03,2015-09-07,2016-04-14,149
ACCESS,2016-04-13,2016-04-15,2016-09-07,98
ACCESS,2016-09-06,2016-09-08,2017-03-15,127
ACCESS,2017-03-14,2017-03-16,2017-09-08,115
ACCESS,2017-09-07,2017-09-11,2018-12-27,301
ACCESS,2018-09-12,2018-12-28,2021-07-06,544
ACCESS,2021-04-16,2021-07-07,2021-09-20,50
ACCESS,2021-09-17,2021-09-21,2022-04-20,129
ACCESS,2022-04-20,2022-04-26,2022-09-28,34
ACCESS,2022-09-29,2022-10-06,2023-05-09,42
ACCESS,2023-05-10,2023-05-18,2023-10-06,30
ACCESS,2023-10-06,2023-10-10,2024-04-05,35
ACCESS,2024-04-11,2024-04-15,2024-10-07,37
ACCESS,2024-10-04,2024-10-10,2025-04-28,43
ACCESS,2025-04-30,2025-05-06,2026-07-14,96
ACCESSCORP,2021-09-17,2022-03-29,2022-04-21,10
ACCESSCORP,2022-04-20,2022-04-22,2022-09-30,69
ACCESSCORP,2022-09-29,2022-10-04,2023-05-11,83
ACCESSCORP,2023-05-10,2023-05-12,2023-10-09,63
ACCESSCORP,2023-10-06,2023-10-12,2024-04-12,70
ACCESSCORP,2024-04-11,2024-04-16,2024-10-04,72
ACCESSCORP,2024-10-04,2024-10-08,2025-05-05,90
ACCESSCORP,2025-04-30,2025-05-08,2026-07-21,193
AFRIK,2003-06-11,2014-06-30,2018-04-06,886
AFRIPRUD,2015-03-18,2015-08-10,2015-08-20,9
AFRIPRUD,2015-08-19,2015-08-21,2016-03-24,148
AFRIPRUD,2016-03-23,2016-03-29,2017-03-07,231
AFRIPRUD,2017-03-06,2017-03-08,2018-03-14,238
AFRIPRUD,2018-03-13,2018-03-15,2021-07-06,728
AFRIPRUD,2021-03-16,2021-07-07,2022-03-15,165
AFRIPRUD,2022-03-14,2022-03-16,2023-04-19,242
AFRIPRUD,2023-04-17,2023-04-20,2024-03-19,198
AFRIPRUD,2024-03-18,2024-03-20,2024-08-14,86
AFRIPRUD,2024-08-12,2024-08-15,2025-04-02,146
AFRIPRUD,2025-03-24,2025-04-03,2025-08-12,85
AFRIPRUD,2025-08-11,2025-08-13,2026-03-16,139
AFRIPRUD,2026-03-13,2026-02-02,2026-07-21,85
AFROMEDIA,2012-04-20,2014-06-30,2026-07-21,2745
AFRPAINTS,2001-01-16,2014-06-30,2018-04-06,884
AGLEVENT,2013-05-27,2014-06-30,2015-08-07,245
AGLEVENT,2014-05-05,2015-08-10,2016-08-23,256
AGLEVENT,2016-08-22,2016-08-24,2020-01-06,732
AIICO,2013-09-02,2014-06-30,2016-04-26,422
AIICO,2016-04-25,2016-04-27,2017-05-09,252
AIICO,2017-05-08,2017-05-10,2018-12-27,381
AIICO,2018-05-21,2018-12-28,2022-05-24,753
AIICO,2022-05-23,2022-05-25,2023-06-02,219
AIICO,2023-06-01,2023-06-05,2024-07-23,249
AIICO,2024-07-22,2024-07-24,2025-06-04,202
AIICO,2025-05-22,2025-06-05,2026-05-29,231
AIICO,2026-05-28,2026-06-01,2026-07-21,36
AIRSERVICE,2011-08-02,2014-06-30,2015-08-07,245
AIRSERVICE,2015-06-15,2015-08-10,2017-06-14,454
AIRSERVICE,2017-06-13,2017-06-15,2018-12-27,356
AIRSERVICE,2018-06-12,2018-12-28,2019-03-08,37
AIRTELAFRI,2021-06-28,2021-07-07,2022-06-24,231
AIRTELAFRI,2022-06-23,2022-06-27,2023-06-26,212
AIRTELAFRI,2023-06-22,2023-06-27,2024-06-25,216
AIRTELAFRI,2024-06-24,2024-06-26,2024-11-07,87
AIRTELAFRI,2024-11-06,2024-11-08,2025-06-27,146
AIRTELAFRI,2025-06-18,2025-06-30,2025-11-06,87
AIRTELAFRI,2025-11-05,2025-11-07,2026-06-19,145
AIRTELAFRI,2026-06-18,2026-06-22,2026-07-21,22
ALEX,2011-09-08,2014-06-30,2015-08-07,245
ALEX,2015-07-10,2015-08-10,2016-05-31,200
ALEX,2016-05-30,2016-06-01,2017-06-29,262
ALEX,2017-06-26,2017-06-30,2018-12-27,348
ALEX,2018-08-13,2018-12-28,2021-07-06,544
ALEX,2021-05-28,2021-07-07,2022-05-31,214
ALEX,2022-05-30,2022-06-01,2026-07-21,932
ALUMACO,2005-06-15,2014-06-30,2016-05-17,436
ANINO,1992-07-28,2014-06-30,2020-10-09,1422
ARADEL,2024-11-21,2024-11-25,2025-05-13,106
ARADEL,2025-05-07,2025-05-14,2025-11-24,128
ARADEL,2025-11-21,2025-11-25,2026-07-13,149
ARADEL,2026-07-10,2026-07-14,2026-07-21,6
ARBICO,1998-09-18,2014-06-30,2024-05-16,2235
ARDOVA,2016-04-18,2020-02-24,2021-07-06,332
ARDOVA,2021-03-26,2021-07-07,2023-07-25,459
ASHAKACEM,2011-07-11,2014-06-30,2015-08-07,245
ASHAKACEM,2015-04-21,2015-08-10,2016-04-27,178
ASHAKACEM,2016-04-26,2016-04-28,2017-07-03,286
ASOSAVINGS,2009-10-12,2014-06-30,2026-01-15,2623
AVONCROWN,2009-09-15,2014-06-30,2015-08-07,245
AVONCROWN,2013-10-02,2015-08-10,2017-09-15,514
BECOPETRO,2010-05-10,2014-06-30,2017-04-28,668
BERGER,2012-06-11,2014-06-30,2015-08-07,245
BERGER,2015-06-15,2015-08-10,2016-05-05,183
BERGER,2016-05-04,2016-05-06,2017-05-02,241
BERGER,2017-04-28,2017-05-03,2018-12-27,386
BERGER,2018-05-07,2018-12-28,2021-07-06,544
BERGER,2021-05-03,2021-07-07,2022-04-25,191
BERGER,2022-04-22,2022-04-26,2023-05-24,233
BERGER,2023-04-27,2023-05-25,2023-11-10,106
BERGER,2023-11-09,2023-11-13,2024-04-18,89
BERGER,2024-04-17,2024-04-19,2024-11-12,130
BERGER,2024-11-11,2024-11-13,2025-05-05,108
BERGER,2025-04-25,2025-05-06,2025-11-13,127
BERGER,2025-11-12,2025-11-14,2026-04-27,105
BERGER,2026-04-24,2026-04-28,2026-07-21,57
BETAGLAS,2010-05-10,2014-06-30,2015-08-07,245
BETAGLAS,2015-06-15,2015-08-10,2016-06-14,210
BETAGLAS,2016-06-13,2016-06-15,2017-06-13,243
BETAGLAS,2017-06-12,2017-06-14,2018-12-27,357
BETAGLAS,2018-06-18,2018-12-28,2021-07-06,544
BETAGLAS,2021-06-11,2021-07-07,2022-06-14,223
BETAGLAS,2022-06-13,2022-06-15,2023-06-20,216
BETAGLAS,2023-06-19,2023-06-21,2024-06-14,216
BETAGLAS,2024-06-18,2024-06-20,2025-06-27,237
BETAGLAS,2025-06-18,2025-06-30,2026-06-05,223
BETAGLAS,2026-06-04,2026-06-08,2026-07-21,31
BOCGAS,2011-05-24,2014-06-30,2015-08-07,245
BOCGAS,2015-05-15,2015-08-10,2016-06-06,204
BOCGAS,2016-06-03,2016-06-07,2017-05-22,234
BOCGAS,2017-05-19,2017-05-23,2018-12-27,372
BOCGAS,2018-06-04,2018-12-28,2021-07-06,544
BOCGAS,2021-06-07,2021-07-07,2021-12-09,102
BUACEMENT,2021-06-21,2021-07-13,2022-07-13,238
BUACEMENT,2022-07-11,2022-07-14,2023-08-16,232
BUACEMENT,2023-08-14,2023-08-17,2024-08-13,216
BUACEMENT,2024-08-12,2024-08-14,2025-08-11,231
BUACEMENT,2025-07-04,2025-08-12,2026-05-12,178
BUACEMENT,2026-05-11,2026-05-13,2026-07-21,47
BUAFOODS,2022-07-14,2022-07-19,2023-09-05,244
BUAFOODS,2023-09-04,2023-09-06,2024-08-27,211
BUAFOODS,2024-08-26,2024-08-28,2025-08-25,230
BUAFOODS,2025-08-22,2025-08-26,2026-06-08,187
BUAFOODS,2026-06-05,2026-06-09,2026-07-21,30
CADBURY,2006-04-03,2014-06-30,2015-08-07,245
CADBURY,2015-05-11,2015-08-10,2016-06-28,220
CADBURY,2016-06-27,2016-06-29,2018-12-27,590
CADBURY,2018-06-11,2018-12-28,2021-07-06,544
CADBURY,2021-05-17,2021-07-07,2022-05-13,203
CADBURY,2022-05-13,2022-05-17,2023-06-06,227
CADBURY,2023-06-05,2023-06-07,2026-07-21,716
CAP,2001-02-19,2014-06-30,2025-04-02,1621
CAP,2008-10-02,2014-07-01,2015-01-15,39
CAP,2013-05-27,2015-01-16,2015-08-07,47
CAP,2015-06-01,2015-08-13,2015-11-20,24
CAP,2015-11-23,2015-11-26,2016-06-01,43
CAP,2016-05-31,2016-06-06,2017-05-31,81
CAP,2017-05-30,2017-06-02,2018-12-24,122
CAP,2018-05-28,2019-01-04,2021-07-02,181
CAP,2021-06-03,2021-07-08,2022-05-31,72
CAP,2022-06-02,2022-06-06,2023-05-31,71
CAP,2023-06-02,2023-06-06,2024-06-04,73
CAP,2024-06-03,2024-06-10,2025-05-05,82
CAP,2025-04-21,2025-05-06,2026-06-05,258
CAP,2026-06-04,2026-06-08,2026-07-21,31
CAPHOTEL,2011-06-06,2014-07-01,2015-08-06,84
CAPHOTEL,2014-06-09,2015-08-13,2018-12-24,271
CAPHOTEL,2018-06-11,2019-01-02,2023-10-30,356
CAPOIL,2001-02-19,2014-07-01,2025-03-26,815
CAVERTON,2015-04-23,2015-08-10,2018-12-27,810
CAVERTON,2018-04-26,2018-12-28,2021-07-06,544
CAVERTON,2021-04-28,2021-07-07,2026-07-21,1146
CCNN,2012-07-16,2014-06-30,2015-08-07,245
CCNN,2015-07-20,2015-08-10,2016-07-08,225
CCNN,2016-07-04,2016-07-11,2018-12-27,585
CCNN,2018-06-18,2018-12-28,2020-01-08,180
CHAMPION,2025-05-12,2025-06-05,2026-07-21,267
CHAMS,2009-07-10,2014-06-30,2015-08-07,245
CHAMS,2015-04-20,2015-08-10,2026-06-22,2479
CHAMS,2026-06-19,2026-06-23,2026-07-21,21
CHELLARAM,2011-08-25,2014-06-30,2020-11-30,1457
CHIPLC,2017-05-02,2018-10-29,2018-12-27,39
CHIPLC,2018-05-07,2018-12-28,2021-08-17,571
CHIPLC,2021-08-16,2021-08-18,2022-05-17,177
CHIPLC,2022-05-16,2022-05-18,2023-04-17,201
CHIPLC,2023-04-14,2023-04-18,2023-11-17,130
CILEASING,2010-09-20,2014-06-30,2015-08-07,245
CILEASING,2015-06-15,2015-08-10,2016-06-13,209
CILEASING,2016-06-10,2016-06-14,2021-07-06,1145
CILEASING,2021-06-14,2021-07-07,2024-08-13,690
CILEASING,2024-08-12,2024-08-14,2025-08-07,230
CILEASING,2025-08-06,2025-08-11,2026-07-21,226
CMFC,2009-02-09,2026-06-30,2026-07-21,16
CONHALLPLC,2023-04-14,2023-11-28,2024-06-14,114
CONHALLPLC,2024-06-17,2024-06-20,2025-08-18,270
CONHALLPLC,2025-08-18,2025-08-20,2026-05-04,168
CONHALLPLC,2026-04-30,2026-05-05,2026-07-21,53
CONOIL,2013-09-02,2014-06-30,2015-08-07,245
CONOIL,2014-09-01,2015-08-10,2015-09-29,35
CONOIL,2015-09-28,2015-09-30,2016-10-04,248
CONOIL,2016-10-03,2016-10-05,2017-07-11,187
CONOIL,2017-07-10,2017-07-12,2018-12-27,340
CONOIL,2018-06-15,2018-12-28,2021-07-06,544
CONOIL,2021-07-05,2021-07-07,2022-06-01,215
CONOIL,2022-05-31,2022-06-02,2023-07-03,231
CONOIL,2023-06-30,2023-07-04,2024-10-22,288
CONOIL,2024-10-21,2024-10-23,2025-11-27,260
CONOIL,2025-11-26,2025-11-28,2026-07-21,152
CONTINSURE,2013-09-09,2014-06-30,2015-08-07,245
CONTINSURE,2015-07-20,2015-08-10,2016-07-19,232
CONTINSURE,2016-07-18,2016-07-20,2017-06-20,225
CONTINSURE,2017-06-19,2017-06-21,2018-12-27,353
CONTINSURE,2018-04-16,2018-12-28,2020-01-16,167
CORNERST,2013-07-08,2014-06-30,2015-08-07,245
CORNERST,2015-07-06,2015-08-10,2022-07-13,1596
CORNERST,2022-07-12,2022-07-14,2023-06-07,189
CORNERST,2023-06-06,2023-06-08,2024-07-16,241
CORNERST,2024-07-15,2024-07-17,2025-07-21,235
CORNERST,2025-07-08,2025-07-22,2026-07-06,228
CORNERST,2026-07-03,2026-07-07,2026-07-21,11
COSTAIN,1997-05-13,2014-06-30,2016-11-30,569
COURTVILLE,2011-07-18,2014-06-30,2015-08-07,245
COURTVILLE,2014-05-13,2015-08-10,2015-08-11,2
COURTVILLE,2015-08-10,2015-08-12,2021-07-06,1352
COURTVILLE,2021-05-06,2021-07-07,2022-06-14,223
COURTVILLE,2022-06-10,2022-06-15,2023-11-09,306
CUSTODIAN,2017-08-21,2017-12-11,2018-12-27,242
CUSTODIAN,2018-08-20,2018-12-28,2021-07-06,544
CUSTODIAN,2021-04-12,2021-07-07,2021-08-24,32
CUSTODIAN,2021-08-23,2021-08-25,2022-03-29,143
CUSTODIAN,2022-03-28,2022-03-30,2022-08-23,93
CUSTODIAN,2022-08-22,2022-08-24,2023-04-04,131
CUSTODIAN,2023-04-03,2023-04-05,2023-08-22,79
CUSTODIAN,2023-08-21,2023-08-23,2024-06-14,177
CUSTODIAN,2024-06-13,2024-06-20,2024-08-20,39
CUSTODIAN,2024-08-19,2024-08-21,2025-04-17,154
CUSTODIAN,2025-04-15,2025-04-22,2025-08-18,77
CUSTODIAN,2025-08-18,2025-08-20,2026-04-13,155
CUSTODIAN,2026-04-14,2026-02-16,2026-07-21,66
CUSTODYINS,2011-05-23,2014-06-30,2015-08-07,245
CUSTODYINS,2015-04-13,2015-08-10,2015-08-18,7
CUSTODYINS,2015-08-17,2015-08-19,2016-04-15,163
CUSTODYINS,2016-04-14,2016-04-18,2016-08-23,86
CUSTODYINS,2016-08-22,2016-08-24,2017-04-19,160
CUSTODYINS,2017-04-18,2017-04-20,2017-08-22,82
CUSTODYINS,2017-08-21,2017-08-23,2017-12-08,70
CUTIX,2012-10-15,2014-06-30,2015-08-07,245
CUTIX,2014-10-20,2015-08-10,2015-10-20,49
CUTIX,2015-10-19,2015-10-21,2016-10-11,239
CUTIX,2016-10-10,2016-10-12,2017-10-17,246
CUTIX,2017-10-16,2017-10-18,2018-12-27,276
CUTIX,2018-10-15,2018-12-28,2021-07-06,544
CUTIX,2019-10-14,2021-07-07,2021-11-15,86
CUTIX,2021-11-15,2021-11-17,2022-08-23,182
CUTIX,2022-08-22,2022-08-24,2023-08-21,209
CUTIX,2023-08-18,2023-08-22,2024-08-20,217
CUTIX,2024-08-19,2024-08-21,2025-08-18,231
CUTIX,2025-08-18,2025-08-20,2026-07-21,221
CWG,2015-06-08,2015-08-10,2023-04-19,1761
CWG,2023-04-18,2023-04-20,2024-04-19,213
CWG,2024-04-18,2024-04-22,2025-04-09,222
CWG,2025-04-08,2025-04-10,2026-04-01,233
CWG,2026-04-08,2026-02-10,2026-07-21,71
DANGCEM,2013-05-06,2014-06-30,2015-08-07,245
DANGCEM,2015-04-20,2015-08-10,2016-04-12,167
DANGCEM,2016-04-11,2016-04-13,2017-05-16,267
DANGCEM,2017-05-15,2017-05-17,2018-12-27,376
DANGCEM,2018-04-16,2018-12-28,2021-07-06,544
DANGCEM,2021-04-28,2021-07-07,2022-06-01,215
DANGCEM,2022-05-31,2022-06-02,2023-03-30,183
DANGCEM,2023-03-31,2023-04-04,2024-04-17,220
DANGCEM,2024-04-16,2024-04-18,2025-06-13,265
DANGCEM,2025-06-10,2025-06-17,2026-06-19,241
DANGCEM,2026-06-18,2026-06-22,2026-07-21,22
DANGFLOUR,2011-09-26,2014-06-30,2018-12-27,892
DANGFLOUR,2018-04-23,2018-12-28,2019-11-15,148
DANGSUGAR,2013-04-25,2014-06-30,2015-08-07,245
DANGSUGAR,2014-05-02,2015-08-10,2016-04-05,163
DANGSUGAR,2016-04-04,2016-04-06,2017-04-11,249
DANGSUGAR,2017-04-10,2017-04-12,2017-08-15,82
DANGSUGAR,2017-08-11,2017-08-16,2021-07-06,860
DANGSUGAR,2021-03-18,2021-07-07,2022-06-03,217
DANGSUGAR,2022-06-02,2022-06-06,2023-03-28,179
DANGSUGAR,2023-03-27,2023-03-29,2026-07-21,750
DEAPCAP,2009-02-09,2014-06-30,2026-06-29,2729
DIAMONDBNK,2011-04-20,2014-06-30,2015-08-07,245
DIAMONDBNK,2015-04-16,2015-08-10,2019-03-08,847
DNMEYER,2008-06-30,2014-06-30,2016-10-28,546
DUNLOP,2002-07-08,2014-06-30,2026-04-01,2673
EKOCORP,2008-08-25,2014-06-30,2026-07-21,2743
ENAMELWA,2010-12-09,2014-06-30,2015-08-07,245
ENAMELWA,2014-12-08,2015-08-10,2015-09-08,22
ENAMELWA,2015-09-07,2015-09-09,2016-10-25,276
ENAMELWA,2016-10-24,2016-10-26,2026-07-21,2202
EQUITYASUR,2008-06-17,2014-06-30,2018-08-16,969
ETERNA,1999-06-28,2014-06-30,2016-11-23,564
ETERNA,2016-11-22,2016-11-24,2017-06-07,130
ETERNA,2017-06-06,2017-06-08,2018-12-27,361
ETERNA,2018-05-24,2018-12-28,2021-07-06,544
ETERNA,2021-05-03,2021-07-07,2023-04-25,409
ETERNA,2023-04-24,2023-04-26,2026-04-13,671
ETERNA,2026-04-14,2026-02-16,2026-07-21,66
ETI,2013-07-05,2014-06-30,2023-05-30,2025
ETI,2023-05-26,2023-05-31,2026-06-16,695
ETI,2026-06-15,2026-06-17,2026-07-21,25
ETRANZACT,2015-06-22,2015-08-10,2016-06-02,202
ETRANZACT,2016-06-01,2016-06-03,2017-06-29,260
ETRANZACT,2017-06-26,2017-06-30,2025-07-21,1799
ETRANZACT,2025-07-08,2025-07-22,2026-07-08,230
ETRANZACT,2026-07-07,2026-07-09,2026-07-21,9
EUNISELL,1999-02-23,2021-06-21,2026-07-21,1158
EVANSMED,2013-07-22,2014-06-30,2021-06-11,1581
FBNH,2011-05-09,2014-06-30,2015-08-07,245
FBNH,2015-05-04,2015-08-10,2016-05-10,186
FBNH,2016-05-09,2016-05-11,2018-12-27,624
FBNH,2018-05-07,2018-12-28,2021-07-06,544
FBNH,2021-04-21,2021-07-07,2022-06-15,224
FBNH,2022-06-14,2022-06-16,2023-08-10,246
FBNH,2023-08-09,2023-08-11,2024-08-15,222
FBNH,2024-08-14,2024-08-19,2025-03-04,128
FCMB,2011-05-03,2014-06-30,2015-08-07,245
FCMB,2015-03-30,2015-08-10,2016-04-14,169
FCMB,2016-04-13,2016-04-15,2017-04-18,246
FCMB,2017-04-13,2017-04-19,2021-07-06,939
FCMB,2021-04-09,2021-07-07,2022-04-19,187
FCMB,2022-04-15,2022-04-20,2023-04-17,218
FCMB,2023-04-14,2023-04-18,2024-05-15,230
FCMB,2024-05-14,2024-05-16,2025-05-05,222
FCMB,2025-04-17,2025-05-06,2026-06-17,265
FCMB,2026-06-16,2026-06-18,2026-07-21,24
FIDELITYBK,2013-05-06,2014-06-30,2015-08-07,245
FIDELITYBK,2015-04-20,2015-08-10,2016-04-19,172
FIDELITYBK,2016-04-18,2016-04-20,2017-04-19,244
FIDELITYBK,2017-04-18,2017-04-20,2018-12-27,394
FIDELITYBK,2018-05-14,2018-12-28,2021-07-06,544
FIDELITYBK,2021-04-19,2021-07-07,2022-04-26,192
FIDELITYBK,2022-04-25,2022-04-27,2022-09-13,90
FIDELITYBK,2022-09-13,2022-09-16,2023-05-16,138
FIDELITYBK,2023-05-15,2023-05-18,2023-09-19,78
FIDELITYBK,2023-09-18,2023-09-20,2024-04-30,128
FIDELITYBK,2024-04-29,2024-05-02,2024-10-21,107
FIDELITYBK,2024-10-18,2024-10-22,2025-04-17,115
FIDELITYBK,2025-04-16,2025-04-22,2026-07-21,298
FIDSON,2013-07-08,2014-06-30,2015-08-07,245
FIDSON,2014-07-07,2015-08-10,2016-09-27,279
FIDSON,2016-09-26,2016-09-28,2018-12-27,531
FIDSON,2017-06-26,2022-04-04,2022-07-13,65
FIDSON,2018-09-03,2018-12-28,2021-07-09,547
FIDSON,2021-07-08,2021-07-12,2022-03-31,174
FIDSON,2022-07-11,2022-07-14,2024-06-20,414
FIDSON,2024-06-19,2024-06-21,2025-07-21,251
FIDSON,2025-07-14,2025-07-22,2026-04-13,174
FIDSON,2026-04-15,2026-02-17,2026-07-21,65
FIRSTALUM,2006-06-06,2014-06-30,2019-07-30,1133
FIRSTHOLDCO,2024-08-14,2025-03-10,2025-06-04,57
FIRSTHOLDCO,2025-05-13,2025-06-05,2026-07-21,267
FLOURMILL,2013-08-19,2014-06-30,2015-08-07,245
FLOURMILL,2014-08-18,2015-08-10,2015-08-11,2
FLOURMILL,2015-08-10,2015-08-12,2016-08-09,244
FLOURMILL,2016-08-08,2016-08-10,2017-08-08,243
FLOURMILL,2017-08-07,2017-08-09,2018-12-27,321
FLOURMILL,2018-08-06,2018-12-28,2021-08-17,571
FLOURMILL,2021-08-16,2021-08-18,2022-08-19,239
FLOURMILL,2022-08-15,2022-08-22,2023-10-17,249
FLOURMILL,2023-10-16,2023-10-18,2024-08-15,177
FLOURMILL,2024-08-12,2024-08-19,2024-12-24,85
FTGINSURE,2009-09-23,2025-05-29,2026-07-21,272
FTNCOCOA,2010-06-11,2014-06-30,2026-07-21,2745
FirstHoldCo,2024-08-14,2025-03-05,2025-03-07,2
GCAPPA,2001-11-05,2014-06-30,2016-05-17,436
GEREGU,2023-02-28,2023-03-02,2024-02-29,214
GEREGU,2024-02-28,2024-03-01,2025-03-18,236
GEREGU,2025-03-14,2025-03-19,2026-04-13,251
GEREGU,2026-04-14,2026-02-16,2026-07-21,66
GLAXOSMITH,2011-04-29,2014-06-30,2015-08-07,245
GLAXOSMITH,2015-05-14,2015-08-10,2016-05-31,200
GLAXOSMITH,2016-05-26,2016-06-01,2016-10-05,84
GLAXOSMITH,2016-10-03,2016-10-06,2017-04-18,131
GLAXOSMITH,2017-04-13,2017-04-19,2018-12-27,395
GLAXOSMITH,2018-04-24,2018-12-28,2021-07-06,544
GLAXOSMITH,2021-04-26,2021-07-07,2022-04-26,192
GLAXOSMITH,2022-04-25,2022-04-27,2023-05-08,223
GLAXOSMITH,2023-05-05,2023-05-09,2024-01-19,152
GOLDBREW,1997-07-25,2014-06-30,2026-07-21,2745
GOLDINSURE,2010-07-12,2014-06-30,2025-04-02,2434
GTCO,2018-08-16,2021-06-24,2021-07-06,9
GTCO,2021-04-01,2021-07-07,2021-09-29,56
GTCO,2021-09-28,2021-09-30,2022-03-25,117
GTCO,2022-03-24,2022-03-28,2022-09-22,113
GTCO,2022-09-21,2022-09-23,2023-05-02,126
GTCO,2023-05-02,2023-05-04,2023-09-18,85
GTCO,2023-09-15,2023-09-19,2024-04-30,129
GTCO,2024-04-29,2024-05-02,2024-09-27,94
GTCO,2024-09-26,2024-10-02,2025-04-17,128
GTCO,2025-04-16,2025-04-22,2025-10-09,112
GTCO,2025-10-08,2025-10-10,2026-04-13,120
GTCO,2026-04-14,2026-02-16,2026-07-21,66
GUARANTY,2013-09-03,2014-06-30,2015-08-07,245
GUARANTY,2015-03-17,2015-08-10,2015-09-09,23
GUARANTY,2015-09-08,2015-09-10,2016-03-30,136
GUARANTY,2016-03-29,2016-03-31,2016-09-02,105
GUARANTY,2016-09-01,2016-09-05,2017-03-30,140
GUARANTY,2017-03-29,2017-03-31,2017-08-25,97
GUARANTY,2017-08-24,2017-08-28,2018-03-29,136
GUARANTY,2018-03-28,2018-04-03,2018-12-27,173
GUARANTY,2018-08-16,2018-12-28,2021-06-23,535
GUINEAINS,2010-12-07,2014-06-30,2026-07-21,2743
GUINNESS,2011-10-04,2014-06-30,2015-08-07,245
GUINNESS,2014-10-13,2015-08-10,2015-10-13,44
GUINNESS,2015-10-12,2015-10-14,2017-09-26,476
GUINNESS,2017-09-25,2017-09-27,2018-12-27,290
GUINNESS,2018-09-24,2018-12-28,2021-09-30,601
GUINNESS,2021-09-29,2021-10-04,2022-09-27,232
GUINNESS,2022-09-26,2022-09-28,2026-04-22,797
GUINNESS,2026-04-21,2026-04-23,2026-07-21,60
HBMNG,2026-04-06,2026-07-09,2026-07-21,9
HMARKINS,2011-07-11,2014-06-30,2015-08-11,247
HMARKINS,2015-08-10,2015-08-12,2017-05-03,423
HMARKINS,2017-05-02,2017-05-04,2018-10-26,346
HMCALL,2025-04-01,2025-04-03,2026-06-01,274
HMCALL,2026-05-29,2026-06-02,2026-07-21,35
HONYFLOUR,2013-09-09,2014-06-30,2015-08-07,245
HONYFLOUR,2014-09-10,2015-08-10,2015-09-15,27
HONYFLOUR,2015-09-14,2015-09-16,2017-09-15,487
HONYFLOUR,2017-09-14,2017-09-16,2018-12-27,296
HONYFLOUR,2018-09-10,2018-12-28,2021-09-07,585
HONYFLOUR,2021-09-06,2021-09-08,2026-07-21,1105
IKEJAHOTEL,2008-06-16,2014-06-30,2023-07-06,2048
IKEJAHOTEL,2023-07-05,2023-07-07,2024-07-09,220
IKEJAHOTEL,2024-07-08,2024-07-10,2025-05-13,194
IKEJAHOTEL,2025-05-12,2025-05-14,2025-07-21,44
IKEJAHOTEL,2025-07-07,2025-07-22,2025-08-12,15
IKEJAHOTEL,2025-08-11,2025-08-13,2025-11-11,60
IKEJAHOTEL,2025-11-10,2025-11-12,2026-05-12,117
IKEJAHOTEL,2026-05-11,2026-05-13,2026-07-07,37
IKEJAHOTEL,2026-07-06,2026-07-08,2026-07-21,10
IMG,2021-06-07,2021-12-10,2023-07-10,349
IMG,2023-07-07,2023-07-11,2024-06-14,204
IMG,2024-06-14,2024-06-20,2025-06-10,226
IMG,2025-06-06,2025-06-11,2026-06-08,235
IMG,2026-06-05,2026-06-09,2026-07-21,30
INFINITY,2015-04-17,2015-08-10,2016-04-25,176
INFINITY,2016-04-22,2016-04-26,2017-05-05,251
INFINITY,2017-05-03,2017-05-08,2018-12-27,383
INFINITY,2018-05-10,2018-12-28,2021-07-06,544
INFINITY,2021-04-26,2021-07-07,2022-04-26,192
INFINITY,2022-04-25,2022-04-27,2023-04-18,214
INFINITY,2023-04-17,2023-04-19,2024-04-16,211
INFINITY,2024-04-15,2024-04-17,2025-05-05,240
INFINITY,2025-04-21,2025-05-06,2026-04-21,228
INFINITY,2026-04-20,2026-04-22,2026-07-21,61
INITSPLC,2017-06-19,2017-06-21,2018-12-27,353
INITSPLC,2018-07-09,2018-12-28,2020-11-30,402
INTBREW,1996-12-20,2014-06-30,2015-08-07,245
INTBREW,2015-07-20,2015-08-10,2026-07-21,2500
INTENEGINS,2009-08-18,2014-06-30,2026-07-21,2745
INTERLINK,1999-02-23,2014-06-30,2021-06-18,1587
IPWA,2008-08-25,2014-06-30,2016-05-17,436
JAIZBANK,2021-06-11,2021-07-07,2022-05-30,213
JAIZBANK,2022-05-27,2022-05-31,2023-06-05,216
JAIZBANK,2023-06-02,2023-06-06,2024-07-04,237
JAIZBANK,2024-07-02,2024-07-05,2025-07-21,241
JAIZBANK,2025-07-15,2025-07-22,2025-08-01,9
JAPAULGOLD,2014-06-16,2020-12-14,2025-06-10,1015
JAPAULGOLD,2025-06-09,2025-06-11,2026-07-21,265
JAPAULOIL,2010-06-03,2014-06-30,2015-08-07,245
JAPAULOIL,2014-06-16,2015-08-10,2020-12-11,1220
JBERGER,2011-06-20,2014-06-30,2015-08-07,245
JBERGER,2015-06-01,2015-08-10,2016-06-01,201
JBERGER,2016-05-31,2016-06-02,2018-12-27,609
JBERGER,2018-06-04,2018-12-28,2021-07-06,544
JBERGER,2021-05-31,2021-07-07,2022-05-31,214
JBERGER,2022-05-30,2022-06-01,2023-05-30,212
JBERGER,2023-05-29,2023-05-31,2024-06-04,222
JBERGER,2024-06-03,2024-06-05,2025-06-04,231
JBERGER,2025-06-02,2025-06-05,2026-06-02,233
JBERGER,2026-06-01,2026-06-03,2026-07-21,34
JOHNHOLT,2005-04-22,2014-06-30,2026-07-21,2745
JOSBREW,2008-07-30,2014-06-30,2016-05-17,436
JULI,1999-09-21,2014-06-30,2025-10-10,2560
LASACO,2009-07-03,2014-06-30,2017-06-20,702
LASACO,2017-06-19,2017-06-21,2018-12-27,353
LASACO,2018-06-04,2018-12-28,2021-07-06,544
LASACO,2020-09-01,2021-07-07,2021-08-09,22
LASACO,2021-08-06,2021-08-10,2026-07-21,1124
LAWUNION,2011-07-08,2014-06-30,2018-12-27,1055
LAWUNION,2018-04-27,2018-12-28,2020-11-04,384
LEARNAFRCA,2013-05-06,2014-06-30,2015-08-07,245
LEARNAFRCA,2015-05-11,2015-08-10,2017-06-13,453
LEARNAFRCA,2017-06-12,2017-06-14,2018-12-27,357
LEARNAFRCA,2018-07-09,2018-12-28,2021-07-06,544
LEARNAFRCA,2020-10-05,2021-07-07,2021-10-12,64
LEARNAFRCA,2021-10-11,2021-10-13,2022-09-13,218
LEARNAFRCA,2022-09-12,2022-09-16,2023-09-12,211
LEARNAFRCA,2023-09-11,2023-09-13,2025-09-16,451
LEARNAFRCA,2025-09-15,2025-09-17,2026-07-21,202
LEGENDINT,2025-10-30,2025-11-03,2026-07-21,171
LENNARDS,1996-02-26,2014-06-30,2016-11-30,569
LINKASSURE,2005-02-28,2014-06-30,2018-12-27,1055
LINKASSURE,2018-08-14,2018-12-28,2021-07-06,544
LINKASSURE,2021-05-03,2021-07-07,2024-07-22,676
LINKASSURE,2024-07-15,2024-07-23,2026-07-21,470
LIVESTOCK,2001-09-07,2014-06-30,2015-08-07,245
LIVESTOCK,2015-05-28,2015-08-10,2026-07-21,2500
LIVINGTRUST,2018-05-21,2020-11-16,2020-11-30,11
MANDRID,2005-10-13,2014-06-30,2016-11-30,569
MANSARD,2011-05-04,2014-06-30,2015-08-07,245
MANSARD,2014-04-11,2015-08-10,2015-10-15,46
MANSARD,2015-10-14,2015-10-16,2016-05-03,135
MANSARD,2016-04-29,2016-05-04,2017-05-08,247
MANSARD,2017-05-04,2017-05-09,2018-12-27,382
MANSARD,2018-04-24,2018-12-28,2021-07-06,544
MANSARD,2021-04-23,2021-07-07,2022-05-04,196
MANSARD,2022-04-29,2022-05-05,2022-11-25,129
MANSARD,2022-11-24,2022-11-28,2023-06-23,117
MANSARD,2023-06-22,2023-06-26,2023-12-01,103
MANSARD,2023-11-30,2023-12-04,2024-07-17,128
MANSARD,2024-07-16,2024-07-18,2025-06-27,219
MANSARD,2025-06-26,2025-06-30,2026-07-21,254
MAYBAKER,2009-07-16,2014-06-30,2015-08-07,245
MAYBAKER,2015-04-20,2015-08-10,2016-04-19,172
MAYBAKER,2016-04-18,2016-04-20,2017-04-25,248
MAYBAKER,2017-04-24,2017-04-26,2018-12-27,390
MAYBAKER,2018-04-23,2018-12-28,2021-07-06,544
MAYBAKER,2021-05-19,2021-07-07,2022-05-19,206
MAYBAKER,2022-05-18,2022-05-20,2023-05-18,215
MAYBAKER,2023-05-17,2023-05-19,2024-05-23,220
MAYBAKER,2024-05-22,2024-05-27,2025-06-04,238
MAYBAKER,2025-05-21,2025-06-05,2026-05-21,227
MAYBAKER,2026-05-20,2026-05-22,2026-07-21,40
MBENEFIT,2008-06-16,2014-06-30,2018-12-27,1055
MBENEFIT,2018-06-14,2018-12-28,2025-07-28,1456
MBENEFIT,2025-07-25,2025-07-29,2026-07-21,234
MCNICHOLS,2015-07-20,2015-08-10,2016-06-17,213
MCNICHOLS,2016-06-16,2016-06-20,2017-08-28,289
MCNICHOLS,2017-08-25,2017-08-29,2018-03-21,129
MCNICHOLS,2018-03-20,2018-03-22,2020-11-30,581
MEDVIEWAIR,2017-05-08,2017-05-11,2018-03-22,202
MEDVIEWAIR,2018-03-21,2018-03-23,2025-04-02,1559
MEYER,2008-06-30,2016-10-31,2021-08-17,1080
MEYER,2021-08-16,2021-08-18,2024-04-30,599
MEYER,2024-04-29,2024-05-02,2025-05-13,237
MEYER,2025-05-05,2025-05-14,2026-05-04,230
MEYER,2026-05-01,2026-05-05,2026-07-21,53
MOBIL,2011-04-29,2014-06-30,2015-08-07,245
MOBIL,2015-04-29,2015-08-10,2016-04-29,180
MOBIL,2016-04-28,2016-05-03,2017-05-02,244
MOBIL,2017-04-28,2017-05-03,2018-12-27,386
MOBIL,2018-05-28,2018-12-28,2021-05-06,505
MORISON,2008-12-19,2014-06-30,2026-07-21,2745
MRS,2013-07-22,2014-06-30,2015-08-07,245
MRS,2015-07-13,2015-08-10,2016-07-12,227
MRS,2016-07-11,2016-07-13,2017-06-29,235
MRS,2017-06-26,2017-06-30,2024-07-02,1556
MRS,2024-07-01,2024-07-03,2025-07-25,247
MTNN,2021-05-05,2021-07-07,2022-04-08,182
MTNN,2022-04-07,2022-04-11,2022-08-22,85
MTNN,2022-08-19,2022-08-23,2023-03-29,130
MTNN,2023-03-28,2023-03-30,2023-08-18,79
MTNN,2023-08-17,2023-08-21,2025-11-24,515
MTNN,2025-11-21,2025-11-25,2026-04-01,85
MTNN,2026-04-09,2026-02-13,2026-07-21,70
MULTITREX,2010-12-17,2014-06-30,2026-07-21,2745
MULTIVERSE,2010-06-24,2014-06-30,2023-05-25,2024
MULTIVERSE,2023-05-25,2023-05-30,2024-04-15,191
MULTIVERSE,2024-04-12,2024-04-16,2025-06-04,263
MULTIVERSE,2025-05-26,2025-06-05,2026-06-15,241
MULTIVERSE,2026-06-08,2026-06-16,2026-07-21,26
NAHCO,2011-06-20,2014-06-30,2015-08-07,245
NAHCO,2015-05-18,2015-08-10,2016-06-07,205
NAHCO,2016-06-06,2016-06-08,2017-05-23,234
NAHCO,2017-05-22,2017-05-24,2018-12-27,371
NAHCO,2018-07-03,2018-12-28,2021-07-15,551
NAHCO,2021-07-14,2021-07-16,2022-07-19,238
NAHCO,2022-07-18,2022-07-20,2023-05-16,175
NAHCO,2023-05-15,2023-05-18,2024-05-14,214
NAHCO,2024-05-13,2024-05-15,2025-05-13,229
NAHCO,2025-05-12,2025-05-14,2026-05-05,231
NAHCO,2026-05-04,2026-05-06,2026-07-21,52
NASCON,2011-06-20,2014-06-30,2015-08-07,245
NASCON,2015-05-25,2015-08-10,2016-05-13,189
NASCON,2016-05-12,2016-05-16,2017-04-21,229
NASCON,2017-04-20,2017-04-24,2018-12-27,392
NASCON,2018-04-20,2018-12-28,2021-07-06,544
NASCON,2021-04-23,2021-07-07,2022-05-09,199
NASCON,2022-05-06,2022-05-10,2023-05-02,213
NASCON,2023-05-02,2023-05-04,2023-11-13,119
NASCON,2023-11-10,2023-11-14,2025-05-05,326
NASCON,2025-04-17,2025-05-06,2026-04-01,216
NASCON,2026-04-02,2026-02-08,2026-07-21,73
NB,2013-03-14,2014-06-30,2015-08-07,245
NB,2015-03-05,2015-08-10,2015-11-13,67
NB,2015-11-12,2015-11-16,2016-03-04,76
NB,2016-03-03,2016-03-07,2016-11-18,173
NB,2016-11-17,2016-11-21,2017-03-10,75
NB,2017-03-09,2017-03-13,2017-11-17,165
NB,2017-11-16,2017-11-21,2018-03-09,67
NB,2018-03-07,2018-03-12,2018-12-27,187
NB,2018-11-23,2018-12-28,2021-07-06,544
NB,2021-03-11,2021-07-07,2021-11-23,91
NB,2021-11-22,2021-11-24,2022-03-14,73
NB,2022-03-10,2022-03-15,2022-11-25,161
NB,2022-11-24,2022-11-28,2023-03-20,65
NB,2023-03-17,2023-03-21,2026-07-21,756
NCR,2011-07-04,2014-06-30,2026-07-21,2745
NEIMETH,2011-09-21,2014-06-30,2021-07-06,1599
NEIMETH,2021-02-23,2021-07-07,2022-03-16,166
NEIMETH,2022-03-15,2022-03-17,2026-07-21,980
NEM,2011-08-22,2014-06-30,2015-08-07,245
NEM,2015-07-06,2015-08-10,2016-05-24,196
NEM,2016-05-23,2016-05-25,2017-08-08,293
NEM,2017-08-07,2017-08-09,2018-12-27,321
NEM,2018-06-04,2018-12-28,2021-07-06,544
NEM,2021-06-07,2021-07-07,2022-05-04,196
NEM,2022-05-02,2022-05-05,2023-05-02,216
NEM,2023-05-01,2023-05-04,2024-06-24,246
NEM,2024-06-21,2024-06-25,2025-05-05,199
NEM,2025-04-28,2025-05-06,2026-04-13,224
NEM,2026-04-15,2026-02-17,2026-07-21,65
NESF,2008-10-20,2014-06-30,2024-02-26,2186
NESTLE,2011-04-18,2014-06-30,2015-08-07,245
NESTLE,2015-04-27,2015-08-10,2015-11-24,74
NESTLE,2015-11-23,2015-11-25,2016-05-10,112
NESTLE,2016-05-09,2016-05-11,2017-05-09,243
NESTLE,2017-05-08,2017-05-10,2017-11-28,132
NESTLE,2017-11-27,2017-11-29,2018-12-27,249
NESTLE,2018-11-26,2018-12-28,2021-07-06,544
NESTLE,2021-05-24,2021-07-07,2021-11-23,91
NESTLE,2021-11-22,2021-11-24,2022-05-31,123
NESTLE,2022-05-30,2022-06-01,2022-11-22,109
NESTLE,2022-11-21,2022-11-24,2023-04-25,86
NESTLE,2023-04-24,2023-04-26,2026-07-21,737
NGXGROUP,2023-08-11,2023-08-15,2024-03-28,138
NGXGROUP,2024-03-27,2024-04-02,2025-03-18,219
NGXGROUP,2025-03-14,2025-03-19,2025-11-18,158
NGXGROUP,2025-11-10,2025-11-19,2026-04-13,92
NGXGROUP,2026-04-13,2026-02-15,2026-07-21,67
NIG-GERMAN,2008-07-01,2014-06-30,2021-06-11,1583
NIGERINS,2012-07-09,2014-06-30,2015-08-07,245
NIGERINS,2015-07-13,2015-08-10,2016-07-19,232
NIGERINS,2016-07-18,2016-07-20,2024-07-17,1795
NIGROPES,2009-10-27,2014-06-30,2016-11-30,569
NIWICABLE,2002-05-30,2014-06-30,2015-07-15,230
NNFM,2013-08-19,2014-06-30,2015-08-07,245
NNFM,2014-08-18,2015-08-10,2015-08-11,2
NNFM,2015-08-10,2015-08-12,2022-08-26,1623
NNFM,2022-08-24,2022-08-29,2023-08-24,209
NNFM,2023-08-23,2023-08-25,2024-11-13,270
NNFM,2024-11-12,2024-11-14,2025-09-19,197
NNFM,2025-09-18,2025-09-22,2026-07-21,199
NPFMCRFBK,2011-05-31,2014-06-30,2015-08-07,245
NPFMCRFBK,2015-06-01,2015-08-10,2016-07-12,227
NPFMCRFBK,2016-07-11,2016-07-13,2017-06-13,226
NPFMCRFBK,2017-06-12,2017-06-14,2018-12-27,357
NPFMCRFBK,2018-06-04,2018-12-28,2021-07-06,544
NPFMCRFBK,2021-05-07,2021-07-07,2022-05-10,200
NPFMCRFBK,2022-05-09,2022-05-11,2023-05-09,216
NPFMCRFBK,2023-05-09,2023-05-11,2024-10-09,310
NPFMCRFBK,2024-10-08,2024-10-10,2025-06-04,153
NPFMCRFBK,2025-05-29,2025-06-05,2026-05-21,227
NPFMCRFBK,2026-05-20,2026-05-22,2026-07-21,40
NSLTECH,2008-08-29,2014-06-30,2026-07-21,2745
OANDO,2013-07-08,2014-06-30,2015-08-07,245
OANDO,2014-11-18,2015-08-10,2026-07-21,2500
OASISINS,2008-03-10,2014-06-30,2014-12-31,97
OKOMUOIL,2011-05-16,2014-06-30,2015-08-07,245
OKOMUOIL,2015-05-18,2015-08-10,2016-05-11,187
OKOMUOIL,2016-05-10,2016-05-12,2017-05-17,248
OKOMUOIL,2017-05-16,2017-05-18,2018-12-27,375
OKOMUOIL,2018-05-15,2018-12-28,2021-07-06,544
OKOMUOIL,2021-05-14,2021-07-07,2022-04-26,192
OKOMUOIL,2022-04-25,2022-04-27,2022-08-24,77
OKOMUOIL,2022-08-23,2022-08-25,2022-11-17,52
OKOMUOIL,2022-11-16,2022-11-21,2023-04-26,89
OKOMUOIL,2023-04-25,2023-04-28,2023-11-20,126
OKOMUOIL,2023-11-17,2023-11-21,2024-04-29,89
OKOMUOIL,2024-04-26,2024-04-30,2024-08-13,65
OKOMUOIL,2024-08-09,2024-08-14,2024-11-18,63
OKOMUOIL,2024-11-15,2024-11-19,2025-06-04,126
OKOMUOIL,2025-04-25,2025-06-05,2025-08-12,43
OKOMUOIL,2025-08-11,2025-08-13,2025-11-04,55
OKOMUOIL,2025-11-03,2025-11-05,2026-04-29,114
OKOMUOIL,2026-04-28,2026-04-30,2026-07-21,55
OMOMORBNK,2018-05-21,2018-12-28,2020-11-06,386
PAINTCOM,2011-03-23,2014-06-30,2015-08-07,245
PAINTCOM,2014-04-03,2015-08-10,2016-04-07,165
PAINTCOM,2016-04-06,2016-04-08,2018-08-16,561
PHARMDEKO,2005-07-25,2014-06-30,2016-08-15,495
PHARMDEKO,2016-08-12,2016-08-16,2017-04-19,166
PHARMDEKO,2017-04-18,2017-04-20,2018-12-27,394
PHARMDEKO,2018-05-07,2018-12-28,2026-07-21,1690
PORTPAINT,2011-05-31,2014-06-30,2021-09-16,1647
PREMBREW,1995-01-09,2014-06-30,2016-11-30,569
PREMPAINTS,2001-07-16,2014-06-30,2026-07-21,2743
PRESCO,2013-07-08,2014-06-30,2015-08-07,245
PRESCO,2015-07-06,2015-08-10,2016-07-08,225
PRESCO,2016-07-04,2016-07-11,2017-07-04,240
PRESCO,2017-07-03,2017-07-05,2018-12-27,345
PRESCO,2018-07-09,2018-12-28,2021-07-08,546
PRESCO,2021-07-07,2021-07-09,2021-11-15,84
PRESCO,2021-11-15,2021-11-17,2022-07-13,156
PRESCO,2022-07-11,2022-07-14,2022-11-22,81
PRESCO,2022-11-22,2022-11-24,2023-09-15,173
PRESCO,2023-09-14,2023-09-18,2023-11-15,37
PRESCO,2023-11-14,2023-11-16,2025-07-21,374
PRESCO,2025-07-07,2025-07-22,2025-11-11,75
PRESCO,2025-11-10,2025-11-12,2026-07-21,164
PRESTIGE,2011-07-26,2014-06-30,2021-07-06,1596
PRESTIGE,2021-05-18,2021-07-07,2022-05-24,209
PRESTIGE,2022-05-23,2022-05-25,2024-08-01,474
PRESTIGE,2024-07-31,2024-08-02,2026-07-21,463
PZ,2012-08-22,2014-06-30,2015-08-07,245
PZ,2015-03-30,2015-08-10,2015-09-15,27
PZ,2015-09-14,2015-09-16,2016-09-20,247
PZ,2016-09-19,2016-09-21,2017-10-03,250
PZ,2017-10-02,2017-10-04,2018-12-27,286
PZ,2018-09-24,2018-12-28,2021-07-06,544
PZ,2020-10-19,2021-07-07,2022-01-11,122
PZ,2022-01-10,2022-01-13,2023-01-11,228
PZ,2023-01-09,2023-01-12,2026-07-21,796
RAKUNITY,1992-12-22,2014-06-30,2015-10-23,297
RAKUNITY,2015-10-21,2015-10-26,2017-08-01,432
RAKUNITY,2017-07-31,2017-08-02,2024-07-17,1543
REDSTAREX,2013-09-02,2014-06-30,2015-08-07,245
REDSTAREX,2015-08-05,2015-08-10,2016-07-28,239
REDSTAREX,2016-07-27,2016-07-29,2017-08-03,247
REDSTAREX,2017-08-02,2017-08-04,2018-12-27,324
REDSTAREX,2018-08-08,2018-12-28,2021-07-06,544
REDSTAREX,2020-09-21,2021-07-07,2021-09-07,41
REDSTAREX,2021-09-06,2021-09-08,2022-09-16,242
REDSTAREX,2022-09-14,2022-09-19,2023-08-23,196
REDSTAREX,2023-08-21,2023-08-24,2024-08-22,217
REDSTAREX,2024-08-21,2024-08-23,2025-09-04,241
REDSTAREX,2025-09-03,2025-09-08,2026-07-21,209
REGALINS,2011-07-13,2014-06-30,2016-04-25,421
REGALINS,2016-04-22,2016-04-26,2017-04-25,244
REGALINS,2017-04-24,2017-04-26,2018-12-27,390
REGALINS,2018-04-30,2018-12-28,2026-07-21,1690
RESORTSAL,2010-08-05,2014-06-30,2024-07-17,2270
ROADS,2011-09-14,2014-06-30,2015-08-07,245
ROADS,2014-09-19,2015-08-10,2021-06-11,1338
ROKANA,1996-11-15,2014-06-30,2016-05-17,436
ROYALEX,2006-06-26,2014-06-30,2015-08-07,245
ROYALEX,2014-09-15,2015-08-10,2026-07-21,2500
RTBRISCOE,2012-05-16,2014-06-30,2026-07-21,2745
SCOA,2012-08-13,2014-06-30,2015-08-07,245
SCOA,2014-06-17,2015-08-10,2015-08-26,13
SCOA,2015-08-25,2015-08-27,2026-07-21,2487
SEPLAT,2014-11-07,2015-08-10,2015-11-02,58
SEPLAT,2015-10-30,2015-11-03,2016-05-23,137
SEPLAT,2016-05-20,2016-05-24,2018-12-27,615
SEPLAT,2018-11-14,2018-12-28,2021-07-06,544
SEPLAT,2021-05-27,2021-07-07,2021-08-13,26
SEPLAT,2021-08-13,2021-08-17,2022-05-09,173
SEPLAT,2022-05-06,2022-05-10,2022-06-01,16
SEPLAT,2022-05-31,2022-06-02,2022-08-16,48
SEPLAT,2022-08-15,2022-08-17,2022-11-14,55
SEPLAT,2022-11-11,2022-11-15,2023-04-20,90
SEPLAT,2023-04-19,2023-04-25,2023-05-22,15
SEPLAT,2023-05-19,2023-05-24,2023-08-21,54
SEPLAT,2023-08-18,2023-08-22,2023-11-14,55
SEPLAT,2023-11-13,2023-11-15,2024-04-30,94
SEPLAT,2024-04-29,2024-05-02,2024-06-04,22
SEPLAT,2024-06-03,2024-06-05,2024-08-15,44
SEPLAT,2024-08-14,2024-08-19,2024-11-14,59
SEPLAT,2024-11-13,2024-11-15,2025-05-13,112
SEPLAT,2025-05-12,2025-05-14,2025-06-04,16
SEPLAT,2025-05-26,2025-06-05,2025-08-15,45
SEPLAT,2025-08-14,2025-08-18,2025-11-17,62
SEPLAT,2025-11-14,2025-11-18,2026-05-19,118
SEPLAT,2026-05-18,2026-05-20,2026-06-09,13
SEPLAT,2026-06-08,2026-06-10,2026-07-21,29
SFSREIT,2013-09-13,2020-02-03,2026-07-21,1493
SIMCAPVAL,2013-12-06,2015-08-10,2018-07-06,698
SKYAVN,2021-06-07,2021-07-07,2023-06-06,430
SKYAVN,2023-06-05,2023-06-07,2024-05-28,213
SKYAVN,2024-05-27,2024-05-29,2025-06-04,236
SKYAVN,2025-06-02,2025-06-05,2026-06-05,236
SKYAVN,2026-06-03,2026-06-08,2026-07-21,31
SKYEBANK,2011-04-27,2014-06-30,2015-08-07,245
SKYEBANK,2014-05-15,2015-08-10,2019-08-20,900
SKYESHELT,2013-09-13,2014-06-30,2020-01-31,1247
SMURFIT,2011-06-17,2014-06-30,2015-08-07,245
SMURFIT,2015-07-03,2015-08-10,2016-06-28,220
SMURFIT,2016-06-27,2016-06-29,2017-06-29,242
SMURFIT,2017-06-28,2017-06-30,2018-12-27,348
SMURFIT,2018-07-30,2018-12-28,2021-07-22,554
SMURFIT,2021-07-19,2021-07-23,2023-07-18,446
SMURFIT,2023-07-17,2023-07-19,2024-06-25,203
SMURFIT,2024-06-24,2024-06-26,2025-10-10,302
SOVRENINS,2011-08-10,2014-06-30,2024-09-12,2309
SOVRENINS,2024-09-11,2024-09-13,2025-09-09,229
SOVRENINS,2025-09-08,2025-09-10,2026-07-21,207
STACO,2009-07-20,2014-06-30,2026-07-21,2745
STANBIC,2013-05-03,2014-06-30,2015-08-07,245
STANBIC,2015-07-31,2015-08-10,2017-01-04,345
STANBIC,2017-01-03,2017-01-05,2017-04-05,63
STANBIC,2017-04-04,2017-04-06,2017-09-08,101
STANBIC,2017-09-07,2017-09-11,2018-04-03,129
STANBIC,2018-03-29,2018-04-04,2018-12-27,172
STANBIC,2018-08-29,2018-12-28,2021-07-06,544
STANBIC,2021-04-08,2021-07-07,2021-09-22,52
STANBIC,2021-09-21,2021-09-23,2022-04-19,135
STANBIC,2022-04-14,2022-04-20,2022-09-08,92
STANBIC,2022-09-07,2022-09-09,2023-04-05,121
STANBIC,2023-04-04,2023-04-06,2023-09-14,95
STANBIC,2023-09-13,2023-09-15,2024-04-22,126
STANBIC,2024-04-22,2024-04-24,2024-09-20,94
STANBIC,2024-09-19,2024-09-23,2025-04-17,133
STANBIC,2025-04-14,2025-04-22,2025-10-08,111
STANBIC,2025-10-07,2025-10-09,2026-05-06,136
STANBIC,2026-05-05,2026-05-07,2026-07-21,51
STDINSURE,2009-09-23,2014-06-30,2025-05-28,2473
STERLINGNG,2022-05-30,2023-04-11,2023-05-22,22
STERLINGNG,2023-05-22,2023-05-24,2025-07-04,474
STERLINGNG,2025-07-02,2025-07-07,2026-07-21,249
STERLNBANK,2009-02-09,2014-06-30,2015-08-07,245
STERLNBANK,2015-04-13,2015-08-10,2016-04-05,163
STERLNBANK,2016-04-04,2016-04-06,2018-12-27,647
STERLNBANK,2018-04-30,2018-12-28,2021-07-06,544
STERLNBANK,2021-04-19,2021-07-07,2022-05-31,214
STERLNBANK,2022-05-30,2022-06-01,2023-04-05,186
STUDPRESS,1995-05-15,2014-06-30,2022-01-06,1718
SUNUASSUR,2008-06-17,2018-08-20,2023-05-31,1055
SUNUASSUR,2023-05-31,2023-06-02,2024-07-16,245
SUNUASSUR,2024-07-15,2024-07-17,2025-06-04,207
SUNUASSUR,2025-06-02,2025-06-05,2026-07-21,267
TANTALIZER,2011-06-16,2014-06-30,2026-07-21,2745
THOMASWY,1996-10-07,2014-06-30,2026-07-21,2745
TIGERBRANDS,2011-09-26,2015-11-23,2016-07-22,163
TOTAL,2011-05-09,2014-06-30,2015-08-07,245
TOTAL,2015-04-20,2015-08-10,2015-12-01,79
TOTAL,2015-11-30,2015-12-02,2016-04-19,93
TOTAL,2016-04-18,2016-04-20,2016-08-23,84
TOTAL,2016-08-22,2016-08-24,2016-11-22,62
TOTAL,2016-11-21,2016-11-23,2017-04-18,97
TOTAL,2017-04-17,2017-04-19,2017-12-05,150
TOTAL,2017-12-04,2017-12-06,2018-03-20,65
TOTAL,2018-03-19,2018-03-21,2018-12-27,180
TOTAL,2018-11-26,2018-12-28,2021-07-06,544
TOTAL,2021-04-19,2021-07-07,2021-08-17,27
TOTAL,2021-08-16,2021-08-18,2022-04-26,165
TOTAL,2022-04-25,2022-04-27,2022-11-22,131
TOTAL,2022-11-21,2022-11-24,2023-04-26,87
TOTAL,2023-04-26,2023-04-28,2024-04-25,213
TOTAL,2024-04-24,2024-04-26,2025-05-05,234
TOTAL,2025-04-23,2025-05-06,2026-07-21,289
TRANSCOHOT,2015-03-30,2015-08-10,2016-04-06,164
TRANSCOHOT,2016-04-05,2016-04-07,2017-03-09,226
TRANSCOHOT,2017-03-08,2017-03-10,2018-03-09,233
TRANSCOHOT,2018-03-08,2018-03-12,2022-03-25,904
TRANSCOHOT,2022-03-24,2022-03-28,2023-03-21,218
TRANSCOHOT,2023-03-20,2023-03-22,2024-04-17,227
TRANSCOHOT,2024-04-16,2024-04-18,2024-08-08,70
TRANSCOHOT,2024-08-08,2024-08-12,2025-04-02,149
TRANSCOHOT,2025-03-26,2025-04-03,2025-08-11,84
TRANSCOHOT,2025-08-08,2025-08-12,2026-02-12,121
TRANSCOHOT,2026-02-16,2026-02-02,2026-07-21,104
TRANSCORP,2004-11-16,2014-06-30,2015-08-07,245
TRANSCORP,2015-04-22,2015-08-10,2018-12-27,810
TRANSCORP,2018-04-18,2018-12-28,2021-07-06,544
TRANSCORP,2021-04-16,2021-07-07,2022-04-12,184
TRANSCORP,2022-04-11,2022-04-13,2023-04-13,219
TRANSCORP,2023-04-12,2023-04-14,2024-04-26,221
TRANSCORP,2024-04-25,2024-04-29,2024-08-08,64
TRANSCORP,2024-08-08,2024-08-12,2025-04-02,149
TRANSCORP,2025-03-28,2025-04-03,2025-08-13,86
TRANSCORP,2025-08-12,2025-08-15,2026-05-04,170
TRANSCORP,2026-04-28,2026-05-05,2026-07-21,53
TRANSEXPR,2011-07-18,2014-06-30,2015-08-07,245
TRANSEXPR,2015-07-13,2015-08-10,2016-07-12,227
TRANSEXPR,2016-07-11,2016-07-13,2017-07-04,238
TRANSEXPR,2017-07-03,2017-07-05,2023-06-13,1323
TRANSEXPR,2023-06-12,2023-06-14,2024-06-28,228
TRANSEXPR,2024-06-26,2024-07-01,2026-07-21,484
TRANSPOWER,2024-04-22,2024-04-24,2024-08-07,66
TRANSPOWER,2024-08-07,2024-08-08,2025-03-03,132
TRANSPOWER,2025-02-12,2025-03-04,2025-08-12,103
TRANSPOWER,2025-08-11,2025-08-13,2026-04-20,162
TRANSPOWER,2026-04-14,2026-04-21,2026-07-21,62
TRIPPLEG,2009-10-02,2014-06-30,2015-08-07,245
TRIPPLEG,2014-09-22,2015-08-10,2015-09-30,36
TRIPPLEG,2015-09-28,2015-10-02,2016-09-26,242
TRIPPLEG,2016-09-23,2016-09-27,2017-10-09,250
TRIPPLEG,2017-10-06,2017-10-10,2018-12-27,282
TRIPPLEG,2018-08-24,2018-12-28,2021-07-06,544
TRIPPLEG,2020-09-01,2021-07-07,2021-08-25,33
TRIPPLEG,2021-08-24,2021-08-26,2022-09-13,249
TRIPPLEG,2022-09-12,2022-09-16,2023-08-08,186
TRIPPLEG,2023-08-07,2023-08-09,2026-07-21,678
UAC-PROP,2011-05-16,2014-06-30,2015-08-07,245
UAC-PROP,2014-05-06,2015-08-10,2015-08-11,2
UAC-PROP,2015-08-10,2015-08-12,2021-07-08,1354
UACN,2013-05-27,2014-06-30,2015-08-07,245
UACN,2015-07-06,2015-08-10,2016-05-17,191
UACN,2016-05-16,2016-05-18,2017-05-17,244
UACN,2017-05-16,2017-05-18,2018-12-27,375
UACN,2018-05-15,2018-12-28,2021-07-06,544
UACN,2021-06-15,2021-07-07,2022-06-23,230
UACN,2022-06-08,2022-06-24,2023-06-08,202
UACN,2023-06-07,2023-06-09,2024-06-10,220
UACN,2024-06-07,2024-06-11,2025-06-04,227
UACN,2025-05-22,2025-06-05,2026-06-15,241
UACN,2026-06-12,2026-06-16,2026-07-21,26
UBA,2013-05-22,2014-06-30,2015-08-07,245
UBA,2015-04-07,2015-08-10,2015-09-11,25
UBA,2015-09-10,2015-09-14,2016-03-31,135
UBA,2016-03-30,2016-04-01,2016-09-15,111
UBA,2016-09-12,2016-09-16,2017-04-04,136
UBA,2017-04-03,2017-04-05,2017-09-06,100
UBA,2017-08-31,2017-09-07,2018-12-27,303
UBA,2018-09-12,2018-12-28,2021-07-06,544
UBA,2021-03-22,2021-07-07,2021-09-24,54
UBA,2021-09-24,2021-09-28,2022-03-22,116
UBA,2022-03-21,2022-03-23,2022-09-26,118
UBA,2022-09-23,2022-09-27,2023-04-18,118
UBA,2023-04-17,2023-04-19,2023-09-28,98
UBA,2023-09-27,2023-09-29,2024-05-15,131
UBA,2024-05-13,2024-05-16,2024-10-15,95
UBA,2024-10-15,2024-10-17,2025-04-17,118
UBA,2025-04-14,2025-04-22,2025-10-07,110
UBA,2025-10-06,2025-10-08,2026-07-21,188
UBCAP,2015-03-23,2015-08-10,2015-11-20,72
UBN,2008-11-17,2014-06-30,2021-07-06,1599
UBN,2021-04-01,2021-07-07,2023-11-13,531
UCAP,2015-03-23,2015-11-23,2016-04-01,89
UCAP,2016-03-31,2016-04-04,2017-03-07,227
UCAP,2017-03-03,2017-03-08,2018-03-12,236
UCAP,2018-03-09,2018-03-13,2021-07-06,730
UCAP,2021-03-08,2021-07-07,2022-03-10,162
UCAP,2022-03-09,2022-03-11,2023-03-16,226
UCAP,2023-03-15,2023-03-17,2024-04-12,227
UCAP,2024-04-10,2024-04-15,2024-08-02,69
UCAP,2024-08-01,2024-08-05,2025-03-18,145
UCAP,2025-03-17,2025-03-19,2025-08-12,93
UCAP,2025-08-11,2025-08-13,2026-04-01,153
UCAP,2026-04-08,2026-02-10,2026-07-21,71
UHOMREIT,2014-03-17,2015-08-10,2026-07-21,2497
UNHOMES,2008-08-25,2014-06-30,2025-01-30,2397
UNIC,2008-08-25,2014-06-30,2021-06-11,1546
UNILEVER,2013-04-08,2014-06-30,2015-08-07,245
UNILEVER,2015-04-13,2015-08-10,2016-04-12,167
UNILEVER,2016-04-11,2016-04-13,2017-04-20,250
UNILEVER,2017-04-18,2017-04-21,2022-04-20,1125
UNILEVER,2022-04-19,2022-04-21,2023-04-19,219
UNILEVER,2023-04-18,2023-04-20,2024-04-30,219
UNILEVER,2024-04-29,2024-05-02,2025-05-05,231
UNILEVER,2025-04-28,2025-05-06,2025-08-12,65
UNILEVER,2025-08-11,2025-08-13,2026-04-13,157
UNILEVER,2026-04-13,2026-02-15,2026-07-21,67
UNIONDAC,2009-09-07,2014-06-30,2021-03-04,1520
UNIONDICON,2001-01-16,2014-06-30,2026-07-21,2745
UNIONVENT,1997-12-02,2014-06-30,2016-11-30,569
UNITYBNK,2011-06-10,2014-06-30,2026-07-21,2745
UNITYKAP,2013-10-11,2015-08-10,2016-08-16,251
UNITYKAP,2016-08-15,2016-08-17,2017-09-12,260
UNITYKAP,2017-09-11,2017-09-13,2018-04-13,135
UPDC,2014-11-21,2015-08-13,2021-07-08,675
UPDC,2015-08-10,2021-07-09,2025-05-05,855
UPDC,2025-05-01,2025-05-06,2026-04-24,231
UPDC,2026-04-23,2026-04-27,2026-07-21,58
UPDCREIT,2014-11-21,2015-08-10,2026-07-21,1248
UPL,2013-09-02,2014-06-30,2015-08-07,245
UPL,2014-09-01,2015-08-10,2015-09-02,18
UPL,2015-09-01,2015-09-03,2017-09-06,489
UPL,2017-09-04,2017-09-07,2018-12-27,303
UPL,2018-09-03,2018-12-28,2021-07-06,544
UPL,2020-09-25,2021-07-07,2021-09-02,38
UPL,2021-09-01,2021-09-03,2022-09-05,238
UPL,2022-09-01,2022-09-06,2023-09-07,214
UPL,2023-09-06,2023-09-08,2024-09-06,216
UPL,2024-09-05,2024-09-09,2025-08-26,224
UPL,2025-08-25,2025-08-27,2026-07-21,216
UTC,2009-06-22,2014-06-30,2017-04-28,668
VALUEFUND,2013-12-06,2018-07-09,2021-05-06,612
VANLEER,2011-05-03,2014-06-30,2015-08-07,245
VANLEER,2015-03-25,2015-08-10,2016-03-23,156
VANLEER,2016-03-22,2016-03-24,2017-03-23,243
VANLEER,2017-03-22,2017-03-24,2026-04-01,1461
VERITASKAP,2017-09-11,2018-04-16,2026-07-21,1854
VFDGROUP,2025-04-23,2025-05-06,2026-05-06,238
VFDGROUP,2026-05-05,2026-05-07,2026-07-21,51
VITAFOAM,2011-01-31,2014-06-30,2015-08-07,245
VITAFOAM,2015-05-20,2015-08-10,2016-02-16,130
VITAFOAM,2016-02-15,2016-02-17,2017-02-14,244
VITAFOAM,2017-02-13,2017-02-15,2018-02-20,238
VITAFOAM,2018-02-19,2018-02-21,2021-07-06,742
VITAFOAM,2021-02-15,2021-07-07,2022-02-15,145
VITAFOAM,2022-02-14,2022-02-16,2023-02-14,224
VITAFOAM,2023-02-13,2023-02-15,2024-02-14,216
VITAFOAM,2024-02-13,2024-02-16,2025-03-03,234
VITAFOAM,2025-02-10,2025-03-04,2026-02-06,222
VITAFOAM,2026-02-09,2026-02-02,2026-07-21,105
VONO,2005-06-01,2014-06-30,2016-05-20,439
WAGLASS,2007-08-03,2014-06-30,2016-05-17,436
WAPCO,2013-05-06,2014-06-30,2015-08-07,245
WAPCO,2015-04-27,2015-08-10,2016-06-20,214
WAPCO,2016-06-16,2016-06-21,2017-05-24,226
WAPCO,2017-05-23,2017-05-25,2018-12-27,370
WAPCO,2018-04-23,2018-12-28,2021-07-06,544
WAPCO,2021-05-04,2021-07-07,2021-11-12,85
WAPCO,2021-11-11,2021-11-15,2022-04-05,94
WAPCO,2022-04-04,2022-04-06,2023-04-11,223
WAPCO,2023-04-11,2023-04-13,2024-04-02,209
WAPCO,2024-04-02,2024-04-04,2025-04-02,226
WAPCO,2025-03-31,2025-04-03,2025-05-13,26
WAPCO,2025-05-12,2025-05-14,2026-04-01,210
WAPCO,2026-04-06,2026-02-08,2026-07-08,64
WAPIC,2008-08-12,2014-06-30,2016-03-24,402
WAPIC,2016-03-23,2016-03-29,2026-07-21,2343
WEMABANK,2004-09-29,2014-06-30,2021-07-06,1599
WEMABANK,2021-05-13,2021-07-07,2022-04-29,195
WEMABANK,2022-04-28,2022-05-04,2023-05-11,222
WEMABANK,2023-05-10,2023-05-12,2024-05-13,216
WEMABANK,2024-05-10,2024-05-14,2025-05-05,224
WEMABANK,2025-05-02,2025-05-06,2026-05-04,236
WEMABANK,2026-04-30,2026-05-05,2026-07-21,53
ZENITHBANK,2011-04-06,2014-06-30,2015-08-07,245
ZENITHBANK,2015-03-16,2015-08-10,2015-08-25,12
ZENITHBANK,2015-08-24,2015-08-26,2016-03-30,147
ZENITHBANK,2016-03-29,2016-03-31,2016-08-25,99
ZENITHBANK,2016-08-23,2016-08-26,2017-03-14,135
ZENITHBANK,2017-03-13,2017-03-15,2017-08-22,105
ZENITHBANK,2017-08-21,2017-08-23,2018-04-05,142
ZENITHBANK,2018-04-04,2018-04-06,2018-12-27,170
ZENITHBANK,2018-08-20,2018-12-28,2021-07-06,544
ZENITHBANK,2021-03-09,2021-07-07,2021-09-14,46
ZENITHBANK,2021-09-13,2021-09-15,2022-03-29,129
ZENITHBANK,2022-03-28,2022-03-30,2022-09-08,104
ZENITHBANK,2022-09-07,2022-09-09,2023-04-18,127
ZENITHBANK,2023-04-17,2023-04-19,2023-09-26,97
ZENITHBANK,2023-09-25,2023-09-28,2024-04-29,122
ZENITHBANK,2024-04-26,2024-04-30,2024-09-17,87
ZENITHBANK,2024-09-16,2024-09-18,2025-04-17,136
ZENITHBANK,2025-04-16,2025-04-22,2025-10-07,110
ZENITHBANK,2025-10-06,2025-10-08,2026-04-28,132
ZENITHBANK,2026-04-27,2026-04-29,2026-07-21,56
